State,County,Total Equip Quantity,Total Cost,Mil Equip Quantity,Total Mil Cost
AK,ANCHORAGE,1063,636550.09,130.0,521602.23
AK,BETHEL,2,0.0,0.0,0.0
AK,FAIRBANKS NORTH STAR,18,26624.67,15.0,7485.0
AK,JUNEAU,14,5542.0,14.0,5542.0
AK,KETCHIKAN GATEWAY,4,1996.0,4.0,1996.0
AK,KODIAK ISLAND,5,690.0,5.0,690.0
AK,MATANUSKA SUSITNA,4,552.0,4.0,552.0
AL,AUTAUGA,111,177423.83000000002,7.0,161125.0
AL,BALDWIN,738,453213.45,90.0,233819.86
AL,BARBOUR,48,111230.0,14.0,104012.0
AL,BIBB,30,39047.72,30.0,39047.72
AL,BLOUNT,7850,2472033.03,106.0,761150.45
AL,BULLOCK,1,25000.0,1.0,25000.0
AL,BUTLER,390,288251.41,22.0,265950.0
AL,CALHOUN,14322,12435577.32,430.0,3053177.13
AL,CHAMBERS,300,307582.69,15.0,53468.69
AL,CHEROKEE,30646,7194469.59,160.0,1852186.33
AL,CHILTON,2607,2550995.53,78.0,1823587.52
AL,CHOCTAW,205,1083149.0,17.0,108769.0
AL,CLARKE,95,1903595.79,18.0,526163.0
AL,CLEBURNE,148,389672.76,14.0,53754.0
AL,COFFEE,104,355031.79,20.0,290798.0
AL,COLBERT,875,692253.49,86.0,413289.1
AL,CONECUH,13,921.8100000000001,2.0,276.0
AL,COOSA,13,27219.0,1.0,25000.0
AL,COVINGTON,2360,1793320.76,41.0,816740.6
AL,CRENSHAW,3,25276.0,3.0,25276.0
AL,CULLMAN,9400,5788789.29,153.0,1450110.95
AL,DALE,480,906437.92,48.0,675409.46
AL,DALLAS,103,74700.2,72.0,63526.0
AL,DE KALB,294,348579.42,14.0,249314.89
AL,ELMORE,151,914591.91,29.0,507660.6
AL,ESCAMBIA,51,611833.13,18.0,70677.9
AL,ETOWAH,3988,12194653.62,140.0,2192378.29
AL,FAYETTE,2,998.0,2.0,998.0
AL,FRANKLIN,599,2432454.67,69.0,378714.69
AL,GENEVA,15,185127.11,9.0,125552.0
AL,HALE,10,10341.0,0.0,0.0
AL,HENRY,327,1212457.31,17.0,324703.94
AL,HOUSTON,351,176004.75,56.0,128119.65
AL,JACKSON,14,53663.42,12.0,53546.0
AL,JEFFERSON,61624,25605328.83,1407.0,6015797.3
AL,LAUDERDALE,1125,328144.98,78.0,143231.21
AL,LAWRENCE,42,325239.36,7.0,41069.0
AL,LEE,29,166117.72,27.0,142486.0
AL,LIMESTONE,20,2760.0,20.0,2760.0
AL,LOWNDES,2,25499.0,2.0,25499.0
AL,MACON,1,47069.0,1.0,47069.0
AL,MADISON,148,987744.75,83.0,893408.0
AL,MARENGO,4,393.42,2.0,276.0
AL,MARION,8,78209.21,7.0,76996.0
AL,MARSHALL,12620,7735504.04,152.0,1416663.84
AL,MOBILE,4069,2589151.39,627.0,1340229.73
AL,MONTGOMERY,2588,3320510.42,365.0,2357644.38
AL,MORGAN,653,3138482.2199999997,30.0,1085025.0
AL,PERRY,23,129418.0,2.0,50000.0
AL,PICKENS,2423,1226319.25,64.0,186897.33000000002
AL,PIKE,1,323178.0,0.0,0.0
AL,RANDOLPH,182,6228.81,0.0,0.0
AL,RUSSELL,30,2950.65,15.0,2070.0
AL,ST CLAIR,3755,5324249.2299999995,95.0,1040197.84
AL,SHELBY,4920,2860496.9699999997,130.0,674443.1900000001
AL,TALLADEGA,2604,571546.72,30.0,199376.95
AL,TALLAPOOSA,167,15390.76,20.0,2404.6
AL,TUSCALOOSA,197,675883.86,122.0,311037.0
AL,WALKER,1535,1920604.75,72.0,303449.55
AL,WASHINGTON,193,584352.06,45.0,283001.0
AL,WINSTON,33,112729.73,6.0,101496.0
AR,ARKANSAS,10,1008.84,6.0,774.0
AR,ASHLEY,153,512931.43,6.0,158262.18
AR,BAXTER,10,659176.0,10.0,659176.0
AR,BENTON,94,2060398.55,83.0,1875903.0
AR,BOONE,193,304281.35,13.0,301427.0
AR,CARROLL,30,4549.81,19.0,3904.0
AR,CLARK,314,205844.88,50.0,122699.69
AR,CLAY,4,498.0,4.0,498.0
AR,CLEBURNE,28,35347.130000000005,25.0,35171.0
AR,COLUMBIA,8,2440.0,8.0,2440.0
AR,CONWAY,36,32297.26,30.0,31945.0
AR,CRAIGHEAD,4,1996.0,4.0,1996.0
AR,CRAWFORD,32,9201.13,29.0,9025.0
AR,CRITTENDEN,29,188902.7,29.0,188902.7
AR,CROSS,36,29066.26,30.0,28714.0
AR,DREW,6,2994.0,6.0,2994.0
AR,FAULKNER,132,538315.6,45.0,537192.0
AR,FRANKLIN,1174,291496.0,45.0,95447.38
AR,FULTON,15,12962.0,15.0,12962.0
AR,GARLAND,87,16906.0,56.0,6738.0
AR,GRANT,4,1996.0,4.0,1996.0
AR,GREENE,15,77275.0,11.0,75960.0
AR,HEMPSTEAD,8,43625.55,1.0,25000.0
AR,HOT SPRING,1,25000.0,1.0,25000.0
AR,HOWARD,16,70333.68,7.0,61340.0
AR,INDEPENDENCE,61,7422.0,61.0,7422.0
AR,IZARD,9,1080.0,9.0,1080.0
AR,JACKSON,5,142249.6,1.0,55500.0
AR,JEFFERSON,61,62258.13,57.0,52082.0
AR,LAFAYETTE,1,138.0,1.0,138.0
AR,LAWRENCE,267,998217.7,63.0,454211.0
AR,LEE,8,960.0,8.0,960.0
AR,LINCOLN,21,79224.56999999999,4.0,75499.0
AR,LITTLE RIVER,13,2153.2,2.0,276.0
AR,LOGAN,8,891.4200000000001,6.0,774.0
AR,LONOKE,513,1090941.43,48.0,392321.7
AR,MADISON,11,114928.0,10.0,75876.0
AR,MILLER,55,16065.0,55.0,16065.0
AR,MISSISSIPPI,73,303217.25,55.0,276735.69
AR,MONTGOMERY,21,61446.39,12.0,60918.0
AR,NEVADA,8,714.84,4.0,480.0
AR,NEWTON,16,26602.1,6.0,26015.0
AR,OUACHITA,106,265799.92,61.0,248809.0
AR,PHILLIPS,29,711621.29,6.0,400094.0
AR,PIKE,60,139982.75,21.0,129090.7
AR,POINSETT,4,26497.0,4.0,26497.0
AR,POLK,25,4896.84,21.0,4662.0
AR,POPE,61,100405.0,55.0,60605.0
AR,PRAIRIE,10,37256.0,10.0,37256.0
AR,PULASKI,365,2322289.29,209.0,2232270.0
AR,RANDOLPH,123,5782961.49,63.0,335710.0
AR,ST FRANCIS,20,337588.83999999997,11.0,294381.0
AR,SALINE,851,2528391.13,46.0,480631.88
AR,SCOTT,71,94019.34,41.0,76027.69
AR,SEBASTIAN,25,79234.0,25.0,79234.0
AR,SEVIER,13,6487.0,13.0,6487.0
AR,SHARP,43,131571.79,31.0,131073.0
AR,STONE,15,67016.23,2.0,66253.0
AR,UNION,21,6114.13,18.0,5938.0
AR,VAN BUREN,15,87380.03,9.0,74057.0
AR,WASHINGTON,106,347510.7,105.0,344936.7
AR,WHITE,55,623488.13,20.0,211979.0
AR,WOODRUFF,12,803.1,2.0,216.0
AR,YELL,7,3114.0,7.0,3114.0
AZ,APACHE,8,685001.0,7.0,85001.0
AZ,COCHISE,2629,1987839.94,83.0,512859.95
AZ,COCONINO,1432,648186.96,134.0,241975.75
AZ,GILA,4814,2381824.32,128.0,1772339.92
AZ,GRAHAM,631,372084.85,12.0,329107.38
AZ,GREENLEE,251,307002.54,20.0,248358.38
AZ,LA PAZ,287,674978.29,60.0,515797.0
AZ,MARICOPA,66384,11743680.59,1184.0,6649424.59
AZ,MOHAVE,598,1156286.16,95.0,1134654.42
AZ,NAVAJO,2191,2553484.21,87.0,2035747.0
AZ,PIMA,37046,2073288.5899999999,558.0,986765.75
AZ,PINAL,11969,5983681.49,364.0,3254871.02
AZ,SANTA CRUZ,1087,965336.36,29.0,725397.17
AZ,YAVAPAI,12676,2713232.89,537.0,2072041.72
AZ,YUMA,872,2141046.61,128.0,1658300.96
CA,ALAMEDA,762,367028.77999999997,79.0,334590.2
CA,ALPINE,20,4495.67,5.0,2716.0
CA,AMADOR,14,4521.98,8.0,3992.0
CA,BUTTE,396,1049293.3900000001,167.0,993338.0
CA,CALAVERAS,164,534339.7100000001,38.0,431907.0
CA,COLUSA,12,3663.42,10.0,3546.0
CA,CONTRA COSTA,7034,1642483.33,82.0,1381734.71
CA,DEL NORTE,45,6129.39,36.0,5601.0
CA,EL DORADO,549,1059114.58,107.0,1003346.96
CA,FRESNO,807,2224619.98,88.0,1607435.77
CA,GLENN,1402,105073.91,9.0,76223.0
CA,HUMBOLDT,118,798215.98,89.0,797346.0
CA,IMPERIAL,102,952.94,52.0,909.08
CA,INYO,6,2994.0,6.0,2994.0
CA,KERN,53358,5815929.99,543.0,3025633.05
CA,KINGS,4083,365015.65,121.0,150986.75
CA,LASSEN,485,353480.99,41.0,315256.77
CA,LOS ANGELES,254046,14318050.88,4799.0,8079462.65
CA,MADERA,64,1941.31,14.0,1932.0
CA,MARIN,562,346734.33,63.0,280117.5
CA,MARIPOSA,513,410616.98,2.0,383607.0
CA,MENDOCINO,7936,678533.75,27.0,19793.620000000003
CA,MERCED,838,1189214.25,93.0,961753.0
CA,MODOC,31,148285.08,12.0,121943.0
CA,MONO,15,106658.6,2.0,7156.0
CA,MONTEREY,3138,1208564.94,197.0,1011541.0
CA,NAPA,2781,399101.47000000003,30.0,284262.0
CA,NEVADA,48,754486.9299999999,42.0,747683.0
CA,ORANGE,22853,2422146.5,418.0,1975232.92
CA,PLACER,2223,319900.19,96.0,276885.0
CA,PLUMAS,9,66174.0,9.0,66174.0
CA,RIVERSIDE,240,1402022.25,238.0,1384545.0
CA,SACRAMENTO,56807,15623511.54,872.0,12841764.7
CA,SAN BERNARDINO,8085,5883724.63,169.0,4617824.34
CA,SAN DIEGO,11825,824472.1599999999,322.0,208456.28
CA,SAN FRANCISCO,1775,1460867.97,50.0,729850.8200000001
CA,SAN JOAQUIN,9927,827917.9400000001,235.0,190245.74
CA,SAN LUIS OBISPO,4551,898384.43,170.0,512865.26
CA,SAN MATEO,171,729363.08,140.0,726278.0
CA,SANTA BARBARA,14185,10523388.28,233.0,8840138.48
CA,SANTA CLARA,870,850120.8700000001,34.0,793329.0
CA,SANTA CRUZ,4,18054.18,4.0,18054.18
CA,SHASTA,1060,194811.34,81.0,171140.0
CA,SIERRA,190,35256.5,11.0,29990.0
CA,SISKIYOU,182,1097715.24,79.0,875998.84
CA,SOLANO,1359,932533.91,81.0,926722.0
CA,SONOMA,3040,481360.18,129.0,155740.85
CA,STANISLAUS,18619,323472.47000000003,129.0,153274.0
CA,SUTTER,162,793730.26,156.0,793378.0
CA,TEHAMA,33,479960.0,33.0,479960.0
CA,TRINITY,4,1996.0,4.0,1996.0
CA,TULARE,353,2161891.45,177.0,299978.0
CA,TUOLUMNE,17,7039.0,17.0,7039.0
CA,VENTURA,145057,8579830.1,1139.0,2385845.7800000003
CA,YOLO,5898,677328.86,452.0,634513.0
CA,YUBA,72,74085.4,11.0,52059.0
CO,ADAMS,673,106474.29,45.0,82103.0
CO,ALAMOSA,25,6212.0,25.0,6212.0
CO,ARAPAHOE,6388,840660.9199999999,231.0,486920.11
CO,ARCHULETA,3430,555209.0900000001,10.0,10117.0
CO,BACA,95,236229.94,8.0,147844.0
CO,BENT,292,156222.13999999998,11.0,26254.0
CO,BOULDER,280,6808.13,44.0,6074.0
CO,CHAFFEE,16,11878.0,16.0,11878.0
CO,CHEYENNE,3,138.0,1.0,138.0
CO,CLEAR CREEK,11,74365.0,10.0,73815.0
CO,CONEJOS,20,149784.97,14.0,134434.0
CO,COSTILLA,2,44842.0,2.0,44842.0
CO,CUSTER,4,2622.0,4.0,2622.0
CO,DELTA,15,72682.0,15.0,72682.0
CO,DENVER,4288,157944.22,58.0,106818.3
CO,DOUGLAS,182,33075.25,80.0,31852.0
CO,EAGLE,69,22415.23,32.0,8833.0
CO,EL PASO,2030,882010.97,220.0,571603.15
CO,ELBERT,283,697873.46,40.0,369139.0
CO,FREMONT,2247,3568535.8000000003,66.0,1477512.69
CO,GARFIELD,260,121424.34,9.0,47817.0
CO,GILPIN,51,4250.59,10.0,3660.0
CO,GRAND,13,1668.0,13.0,1668.0
CO,GUNNISON,14,9148.4,10.0,8047.0
CO,HINSDALE,9,906.84,5.0,672.0
CO,HUERFANO,33,223141.3,16.0,117693.0
CO,JACKSON,160,108714.55,11.0,102992.0
CO,JEFFERSON,2475,661992.35,373.0,569696.65
CO,KIOWA,452,221529.07,22.0,75455.69
CO,KIT CARSON,2201,226337.49,13.0,15304.0
CO,LA PLATA,5561,1714669.27,151.0,849274.0399999999
CO,LAKE,279,71513.94,4.0,552.0
CO,LARIMER,196,174245.18,62.0,164135.0
CO,LAS ANIMAS,370,638105.83,11.0,234831.0
CO,LOGAN,5,26274.0,5.0,26274.0
CO,MESA,198,510911.7,10.0,202381.0
CO,MINERAL,4,552.0,4.0,552.0
CO,MOFFAT,13,4312.0,13.0,4312.0
CO,MONTEZUMA,14,8130.0,14.0,8130.0
CO,MONTROSE,7,49783.0,7.0,49783.0
CO,MORGAN,65,16741.12,23.0,6580.0
CO,OTERO,282,62492.28,8.0,50810.0
CO,OURAY,3,316.71000000000004,2.0,258.0
CO,PARK,404,775897.38,12.0,306848.0
CO,PHILLIPS,66,3044.84,7.0,2392.0
CO,PROWERS,55,37892.6,15.0,27510.0
CO,PUEBLO,857,850790.4700000001,80.0,765940.0
CO,RIO BLANCO,7,948.0,7.0,948.0
CO,RIO GRANDE,118,405009.31,30.0,385602.0
CO,ROUTT,59,54957.92,19.0,53818.0
CO,SAGUACHE,6,6412.0,6.0,6412.0
CO,SAN MIGUEL,2,50000.0,2.0,50000.0
CO,SEDGWICK,7,5106.0,7.0,5106.0
CO,SUMMIT,16,5096.0,16.0,5096.0
CO,TELLER,2657,29820.99,23.0,6821.07
CO,WELD,5362,2126004.82,229.0,1746178.44
CO,YUMA,186,849590.17,18.0,711117.0
CT,FAIRFIELD,356,1967722.34,271.0,1830300.0
CT,HARTFORD,2103,1187498.48,239.0,1075753.0
CT,LITCHFIELD,291,1007033.48,33.0,872472.69
CT,MIDDLESEX,8,793390.0,8.0,793390.0
CT,NEW HAVEN,2166,2053833.52,171.0,1918577.0
CT,NEW LONDON,60,204606.0,60.0,204606.0
CT,TOLLAND,24,33228.0,24.0,33228.0
CT,WINDHAM,43,673228.51,32.0,672747.0
DC,DISTRICT OF COLUMBIA,4615,21740351.41,1411.0,7887400.859999999
DE,KENT,21075,4076131.83,94.0,345073.0
DE,NEW CASTLE,4099,1692415.52,169.0,707283.28
DE,SUSSEX,9178,6361038.59,107.0,1061699.68
FL,ALACHUA,172,1103368.23,154.0,1082478.0
FL,BAKER,52,3367.2799999999997,6.0,2994.0
FL,BAY,456,1501409.48,92.0,1110107.0
FL,BRADFORD,4516,410893.91000000003,27.0,382396.85
FL,BREVARD,1399,210369455.82999998,474.0,199667598.0
FL,BROWARD,4,257566.0,4.0,257566.0
FL,CALHOUN,2,184580.0,2.0,184580.0
FL,CHARLOTTE,246,1366416.0899999999,168.0,1335217.0
FL,CITRUS,40,15020.0,30.0,14970.0
FL,CLAY,54,168628.24,49.0,168348.0
FL,COLLIER,1117,966999.26,382.0,835507.0
FL,COLUMBIA,58,25423.0,58.0,25423.0
FL,DE SOTO,11,5489.0,11.0,5489.0
FL,DIXIE,9,2596.0,9.0,2596.0
FL,DUVAL,2354,602674.63,153.0,194125.22
FL,ESCAMBIA,93,104628.0,93.0,104628.0
FL,FLAGLER,8,89572.0,5.0,39998.0
FL,FRANKLIN,14,6986.0,14.0,6986.0
FL,GADSDEN,19,36110.29,9.0,35960.0
FL,GILCHRIST,2,0.0,0.0,0.0
FL,GLADES,6,2994.0,6.0,2994.0
FL,HAMILTON,7,3493.0,7.0,3493.0
FL,HARDEE,9,48559.0,9.0,48559.0
FL,HENDRY,14,1932.0,14.0,1932.0
FL,HERNANDO,492,423011.23,197.0,330461.0
FL,HIGHLANDS,55,420717.0,55.0,420717.0
FL,HILLSBOROUGH,267,319508.25,63.0,310222.0
FL,HOLMES,565,14461.85,9.0,4491.0
FL,INDIAN RIVER,136,1186212.3399999999,87.0,1160618.0
FL,JACKSON,31,363795.0,31.0,363795.0
FL,JEFFERSON,53,144874.91999999998,5.0,143239.0
FL,LAKE,74,938141.5700000001,62.0,805816.0
FL,LEE,1787,860195.47,248.0,792921.24
FL,LEON,2629,2623385.69,1942.0,2622636.0
FL,LEVY,108,101298.87999999999,52.0,71877.0
FL,LIBERTY,6,2994.0,6.0,2994.0
FL,MADISON,265,112942.15,9.0,93164.0
FL,MANATEE,147,111357.0,145.0,110472.0
FL,MARION,226,425069.0,226.0,425069.0
FL,MARTIN,23,494016.0,23.0,494016.0
FL,MIAMI DADE,1001,4001232.18,258.0,3420400.0
FL,MONROE,36,1740535.0,35.0,939670.0
FL,NASSAU,52,59118.0,47.0,59118.0
FL,OKALOOSA,53,133769.0,53.0,133769.0
FL,OKEECHOBEE,34,12634.0,34.0,12634.0
FL,ORANGE,467,820611.2,307.0,797697.0
FL,OSCEOLA,70,2693243.46,26.0,1516905.0
FL,PALM BEACH,76,135175.41999999998,73.0,93236.0
FL,PASCO,184,1128374.6400000001,171.0,1055831.0
FL,PINELLAS,43,3216182.15,42.0,3215751.0
FL,POLK,285,1351709.13,278.0,1230718.0
FL,PUTNAM,110,1693371.92,61.0,1088452.0
FL,ST JOHNS,353,991584.25,68.0,863400.0
FL,ST LUCIE,243,4085543.0500000003,60.0,3885408.0
FL,SANTA ROSA,22,654836.0,15.0,654836.0
FL,SARASOTA,11,123806.0,11.0,123806.0
FL,SEMINOLE,288,113746.0,287.0,71924.0
FL,SUMTER,1198,237716.97,51.0,221293.0
FL,SUWANNEE,8,415294.0,8.0,415294.0
FL,UNION,1,41822.0,0.0,0.0
FL,VOLUSIA,223,2269417.4299999997,196.0,2265047.0
FL,WAKULLA,46,14623.94,32.0,13802.0
FL,WALTON,8,830935.4299999999,6.0,830520.0
FL,WASHINGTON,12,5827.0,7.0,1327.0
GA,APPLING,3,414.0,3.0,414.0
GA,ATKINSON,37,1222481.6,1.0,25000.0
GA,BACON,3,75000.0,3.0,75000.0
GA,BAKER,56,77969.78,1.0,60409.0
GA,BALDWIN,1459,275678.29,72.0,181077.0
GA,BANKS,762,249642.81,3.0,104887.0
GA,BARROW,921,344370.04,11.0,212875.0
GA,BARTOW,272,300995.55,267.0,300702.0
GA,BEN HILL,2,276.0,2.0,276.0
GA,BERRIEN,62,1100185.3,33.0,158283.91999999998
GA,BIBB,322,23291.95,17.0,2346.0
GA,BROOKS,355,813022.4299999999,12.0,97290.86
GA,BULLOCH,1,54313.7,1.0,54313.7
GA,BURKE,15,131375.05,6.0,83780.0
GA,CALHOUN,2,998.0,2.0,998.0
GA,CAMDEN,69,7319.18,23.0,2832.0
GA,CARROLL,30310,6808807.16,429.0,974157.43
GA,CATOOSA,17,105761.7,15.0,83995.7
GA,CHARLTON,8,786.84,4.0,552.0
GA,CHATHAM,284,2553197.68,46.0,790170.15
GA,CHATTOOGA,23,99757.24,16.0,77174.1
GA,CHEROKEE,293,479112.14,12.0,99592.0
GA,CLARKE,2,998.0,2.0,998.0
GA,CLAYTON,611,916638.1599999999,162.0,561428.62
GA,CLINCH,1843,2075472.08,21.0,149178.0
GA,COBB,414,827763.56,95.0,328516.97
GA,COFFEE,75,17932.0,75.0,17932.0
GA,COLQUITT,35,66507.08,25.0,33714.95
GA,COLUMBIA,110,80815.54000000001,62.0,68405.0
GA,COOK,11,235677.0,6.0,828.0
GA,COWETA,4971,830850.02,49.0,323256.0
GA,CRAWFORD,15,3767.55,10.0,3474.0
GA,CRISP,37,746399.65,13.0,736100.0
GA,DADE,12,321819.0,11.0,232704.0
GA,DAWSON,18,31723.0,5.0,690.0
GA,DECATUR,168,21021.17,26.0,4640.0
GA,DE KALB,1593,873745.4,79.0,775737.86
GA,DODGE,1788,155830.9,20.0,29738.85
GA,DOOLY,42,129169.29,10.0,75966.0
GA,DOUGHERTY,37,13338.1,27.0,12751.0
GA,DOUGLAS,70,28144.0,63.0,19956.0
GA,EARLY,2,4700.0,2.0,4700.0
GA,ECHOLS,5,276930.0,1.0,25000.0
GA,EFFINGHAM,46,8052.75,21.0,6585.0
GA,ELBERT,1186,421294.13,16.0,164093.0
GA,EMANUEL,755,387118.58,17.0,102541.5
GA,FANNIN,20,65797.1,3.0,65346.0
GA,FAYETTE,5,87527.0,4.0,480.0
GA,FLOYD,1,25000.0,1.0,25000.0
GA,FORSYTH,2812,215255.41999999998,47.0,47401.17
GA,FRANKLIN,2569,3260797.06,52.0,844538.1
GA,FULTON,55326,8586418.05,1554.0,4766613.48
GA,GILMER,431,643540.85,37.0,250314.0
GA,GLYNN,276,118440.81,265.0,117795.0
GA,GORDON,18618,3205818.71,45.0,207716.2
GA,GRADY,894,168265.15,10.0,1326.0
GA,GREENE,2,998.0,2.0,998.0
GA,GWINNETT,2403,419468.35,84.0,335304.20999999996
GA,HABERSHAM,32,106105.93,19.0,105342.7
GA,HALL,72,24106.0,72.0,24106.0
GA,HANCOCK,14,2583.1,4.0,1996.0
GA,HARALSON,82,98482.71,31.0,84273.0
GA,HARRIS,35,260102.83,19.0,124539.2
GA,HART,2943,4753276.04,46.0,396531.0
GA,HENRY,94,19298.260000000002,53.0,17422.0
GA,HOUSTON,6247,2086143.75,180.0,892197.29
GA,IRWIN,2,196.71,1.0,138.0
GA,JACKSON,31,10141.68,23.0,9672.0
GA,JASPER,196,130458.45,15.0,102158.0
GA,JEFF DAVIS,3,25276.0,3.0,25276.0
GA,JEFFERSON,157,1099464.42,9.0,184346.0
GA,JONES,1231,226003.93,12.0,220021.25
GA,LAMAR,15,3153.0,15.0,3153.0
GA,LANIER,9,2302.94,5.0,2068.1
GA,LAURENS,2647,606516.25,47.0,68142.69
GA,LEE,9042,4644445.59,147.0,697459.24
GA,LIBERTY,22,10617.0,22.0,10617.0
GA,LINCOLN,154,364125.67,25.0,226792.59
GA,LONG,2738,678891.41,8.0,118503.0
GA,LOWNDES,2764,1515400.44,111.0,703375.61
GA,LUMPKIN,20,3448.0,5.0,2495.0
GA,MACON,4,1274.0,4.0,1274.0
GA,MADISON,29,603668.22,17.0,346770.0
GA,MARION,1,120.0,1.0,120.0
GA,MCDUFFIE,11,7340.0,11.0,7340.0
GA,MCINTOSH,15,48556.0,14.0,1806.0
GA,MERIWETHER,12629,853513.88,88.0,189080.89
GA,MILLER,14,1356.0,11.0,1356.0
GA,MITCHELL,1251,691915.82,30.0,284262.1
GA,MONROE,12,5248.0,12.0,5248.0
GA,MORGAN,303,1083624.54,37.0,1046874.56
GA,MURRAY,70,379028.6,69.0,289913.6
GA,MUSCOGEE,566,1298408.8,236.0,1267888.38
GA,NEWTON,44,91433.84,40.0,91199.0
GA,OCONEE,2,998.0,2.0,998.0
GA,PAULDING,36,8312.0,16.0,7984.0
GA,PEACH,136,192581.62,64.0,25830.5
GA,PICKENS,36,238995.7,29.0,238995.7
GA,PIERCE,2,50000.0,2.0,50000.0
GA,PIKE,14,2785.71,13.0,2727.0
GA,POLK,157,420937.98,13.0,121022.4
GA,PULASKI,6,271.15,6.0,271.15
GA,QUITMAN,90,2644.33,3.0,378.0
GA,RABUN,1532,321346.41,45.0,136296.0
GA,RICHMOND,2712,1680831.96,103.0,1372329.6
GA,ROCKDALE,43,128863.04000000001,34.0,128487.0
GA,SCHLEY,15,84218.70999999999,2.0,69722.0
GA,SEMINOLE,15,3240.6800000000003,7.0,2771.0
GA,SPALDING,66,57797.6,66.0,57797.6
GA,STEPHENS,20,3411.1,10.0,2824.0
GA,STEWART,90,840991.98,13.0,110453.2
GA,SUMTER,1696,1055340.06,29.0,58689.2
GA,TALBOT,4,1996.0,4.0,1996.0
GA,TALIAFERRO,1,138.0,1.0,138.0
GA,TATTNALL,15,27264.3,14.0,27264.3
GA,TAYLOR,83,11169.66,1.0,138.0
GA,TELFAIR,1825,1230781.51,19.0,60849.6
GA,TERRELL,950,1133078.29,13.0,154395.0
GA,THOMAS,71,90020.25,51.0,39842.0
GA,TOOMBS,30,7985.0,30.0,7985.0
GA,TOWNS,4,393.42,2.0,276.0
GA,TROUP,81,160764.43,17.0,126656.0
GA,TWIGGS,126,60979.24999999999,15.0,49115.1
GA,UNION,241,5561.07,6.0,2994.0
GA,UPSON,19,2745.13,16.0,2569.0
GA,WALKER,138,331006.28,25.0,318169.7
GA,WALTON,11202,717841.82,544.0,355158.38
GA,WARE,412,1174647.02,39.0,785503.5
GA,WARREN,24,3416.81,13.0,2771.0
GA,WASHINGTON,2462,704132.64,48.0,235881.11
GA,WAYNE,57,25194.0,57.0,25194.0
GA,WEBSTER,526,336095.23,16.0,126371.70999999999
GA,WHITE,6,1911.0,6.0,1911.0
GA,WHITFIELD,12,5048.71,10.0,4990.0
GA,WILKES,4,1274.0,4.0,1274.0
GA,WILKINSON,50,152521.88,26.0,80485.0
GA,WORTH,420,309053.36,27.0,200826.1
GU,GUAM,24121,5354822.2,103.0,770039.0
HI,HONOLULU,18,521054.41000000003,11.0,512000.0
IA,ALLAMAKEE,2,276.0,2.0,276.0
IA,APPANOOSE,17,1201.15,17.0,1201.15
IA,BENTON,2,998.0,2.0,998.0
IA,BLACK HAWK,26,12974.0,26.0,12974.0
IA,BOONE,16,2938.39,7.0,2410.0
IA,BREMER,10,2788.0,10.0,2788.0
IA,BUCHANAN,1,138.0,1.0,138.0
IA,BUENA VISTA,425,1550591.0,90.0,1509384.71
IA,BUTLER,13,3960.0,13.0,3960.0
IA,CALHOUN,5,25552.0,5.0,25552.0
IA,CARROLL,4,357.42,2.0,240.0
IA,CASS,4,552.0,4.0,552.0
IA,CEDAR,33,10620.1,23.0,10033.0
IA,CERRO GORDO,43,782252.0,42.0,766704.0
IA,CHICKASAW,4,1996.0,4.0,1996.0
IA,CLARKE,2,998.0,2.0,998.0
IA,CLAY,8,3992.0,8.0,3992.0
IA,CLAYTON,21,2357.55,16.0,2064.0
IA,CRAWFORD,6,2994.0,6.0,2994.0
IA,DALLAS,9,125484.0,9.0,125484.0
IA,DAVIS,4,534.0,4.0,534.0
IA,DECATUR,1,120.0,1.0,120.0
IA,DES MOINES,8,960.0,8.0,960.0
IA,DICKINSON,5,2134.0,5.0,2134.0
IA,DUBUQUE,10,1380.0,10.0,1380.0
IA,EMMET,106,102537.86,25.0,88905.0
IA,FLOYD,10,3149.0,10.0,3149.0
IA,FRANKLIN,4,516.0,4.0,516.0
IA,FREMONT,11,5489.0,11.0,5489.0
IA,GREENE,6,271.15,6.0,271.15
IA,GUTHRIE,2,95978.0,2.0,95978.0
IA,HARRISON,4,552.0,4.0,552.0
IA,HOWARD,1,120.0,1.0,120.0
IA,IDA,10,1380.0,10.0,1380.0
IA,IOWA,3,396.0,3.0,396.0
IA,JACKSON,7,1219.0,7.0,1219.0
IA,JASPER,23,734118.35,9.0,734050.0
IA,JEFFERSON,18,4145.0,18.0,4145.0
IA,JOHNSON,36,5740.93,11.0,5489.0
IA,JONES,4,913.0,4.0,913.0
IA,KOSSUTH,4,913.0,4.0,913.0
IA,LEE,25,6645.0,25.0,6645.0
IA,LINN,169,77883.09,86.0,47743.0
IA,LOUISA,5,137161.0,5.0,137161.0
IA,MADISON,7,858.0,7.0,858.0
IA,MAHASKA,7,2771.0,7.0,2771.0
IA,MARION,10,1272.0,10.0,1272.0
IA,MARSHALL,18,28369.0,18.0,28369.0
IA,MILLS,9,4491.0,9.0,4491.0
IA,MITCHELL,3,775.0,3.0,775.0
IA,MONROE,4,913.0,4.0,913.0
IA,MUSCATINE,38,846341.44,27.0,335951.0
IA,OBRIEN,2,637.0,2.0,637.0
IA,OSCEOLA,9,1080.0,9.0,1080.0
IA,PAGE,5,2134.0,5.0,2134.0
IA,PALO ALTO,8,2348.0,8.0,2348.0
IA,PLYMOUTH,5,1755.0,5.0,1755.0
IA,POCAHONTAS,23,6077.68,15.0,5608.0
IA,POLK,273,707066.0,273.0,707066.0
IA,RINGGOLD,8,3992.0,8.0,3992.0
IA,SCOTT,233,637706.81,69.0,596313.0
IA,SHELBY,71,7999.16,16.0,7984.0
IA,SIOUX,11,1226.13,8.0,1050.0
IA,STORY,36,743312.0,36.0,743312.0
IA,TAMA,2,276.0,2.0,276.0
IA,TAYLOR,7,1680.0,6.0,1338.0
IA,UNION,2,276.0,2.0,276.0
IA,WARREN,7,840.0,7.0,840.0
IA,WASHINGTON,30,752725.3,30.0,752725.3
IA,WAYNE,7,2031.0,7.0,2031.0
IA,WINNEBAGO,24,2017.99,12.0,1512.0
IA,WINNESHIEK,2,240.0,2.0,240.0
IA,WOODBURY,18,7899.0,18.0,7899.0
IA,WORTH,3,1497.0,3.0,1497.0
IA,WRIGHT,13,1960.97,6.0,1550.0
ID,ADA,34,620008.0,34.0,620008.0
ID,BANNOCK,30,266559.0,27.0,251217.0
ID,BEAR LAKE,9,38992.0,9.0,38992.0
ID,BENEWAH,22,6134.81,11.0,5489.0
ID,BINGHAM,5,189996.0,5.0,189996.0
ID,BLAINE,5,1994.0,5.0,1994.0
ID,BONNER,160,165344.12,47.0,117808.0
ID,BONNEVILLE,4,188225.42,2.0,188108.0
ID,BOUNDARY,1233,342301.98,14.0,89859.81
ID,BUTTE,1,188000.0,1.0,188000.0
ID,CANYON,75,522978.05,3.0,506138.0
ID,CARIBOU,503,247232.57,11.0,96300.0
ID,CLARK,39,8513.93,3.0,1497.0
ID,CLEARWATER,587,1342995.55,9.0,436668.0
ID,ELMORE,3,3000.0,0.0,0.0
ID,FRANKLIN,2465,1452631.75,10.0,709061.0
ID,FREMONT,63,137990.88,34.0,54273.0
ID,GEM,65,13074.07,23.0,9311.0
ID,GOODING,15,7032.6900000000005,13.0,6487.0
ID,IDAHO,169,357285.26,38.0,76461.0
ID,JEFFERSON,684,150923.11,2.0,47207.0
ID,JEROME,6,828.0,6.0,828.0
ID,KOOTENAI,14,672851.0,13.0,662851.0
ID,LATAH,37,9039.63,25.0,8865.0
ID,LEMHI,38,9628.23,25.0,8865.0
ID,LEWIS,33,31262.55,14.0,28917.43
ID,LINCOLN,5,1394.0,5.0,1394.0
ID,MADISON,552,259162.69,38.0,124438.0
ID,MINIDOKA,4,1635.0,4.0,1635.0
ID,NEZ PERCE,32,31189.32,9.0,4491.0
ID,ONEIDA,9,51061.0,9.0,51061.0
ID,OWYHEE,3,1497.0,3.0,1497.0
ID,POWER,2,240.0,2.0,240.0
ID,SHOSHONE,31,2589.28,20.0,2580.0
ID,TETON,5,119757.0,2.0,50000.0
ID,TWIN FALLS,17,2689.92,17.0,2689.92
ID,VALLEY,1,138.0,1.0,138.0
ID,WASHINGTON,9,4491.0,9.0,4491.0
IL,ADAMS,48,183163.3,17.0,181402.0
IL,ALEXANDER,28,250335.31,9.0,120985.0
IL,BOND,91,735503.24,12.0,172959.0
IL,BOONE,20,199834.0,17.0,98030.0
IL,BUREAU,614,449980.82,85.0,339339.58
IL,CARROLL,741,163922.56,30.0,70226.69
IL,CASS,2,998.0,2.0,998.0
IL,CHAMPAIGN,108,830022.0,108.0,830022.0
IL,CHRISTIAN,221,565685.81,57.0,215337.0
IL,CLARK,2,276.0,2.0,276.0
IL,CLAY,12,827.1,2.0,240.0
IL,CLINTON,1582,189912.11,66.0,142350.66
IL,COLES,56,14171.88,28.0,12528.0
IL,COOK,6458,10298413.19,1534.0,4412474.95
IL,CRAWFORD,279,90478.54,27.0,32705.32
IL,DE KALB,80,101878.23,19.0,55690.0
IL,DE WITT,54,100057.09000000001,10.0,99230.0
IL,DU PAGE,260,280172.49,209.0,112311.96
IL,EDGAR,6,828.0,6.0,828.0
IL,EDWARDS,3,542.3,3.0,542.3
IL,EFFINGHAM,26,3525.49,7.0,2410.0
IL,FAYETTE,3,1497.0,3.0,1497.0
IL,FORD,5,1773.0,5.0,1773.0
IL,FRANKLIN,19,52228.13,16.0,52052.0
IL,FULTON,255,194160.83,30.0,108015.0
IL,GALLATIN,1,25000.0,1.0,25000.0
IL,GRUNDY,4,1996.0,4.0,1996.0
IL,HAMILTON,22,136961.53,8.0,51490.0
IL,HANCOCK,8,1173.13,5.0,997.0
IL,HARDIN,71,1792356.44,13.0,243357.0
IL,HENDERSON,6,774.0,6.0,774.0
IL,HENRY,6,2272.0,6.0,2272.0
IL,JACKSON,71,66742.59999999999,7.0,2350.0
IL,JEFFERSON,79,105093.55,27.0,105070.0
IL,JO DAVIESS,129,3089557.9,16.0,134639.0
IL,JOHNSON,39,7108.24,4.0,480.0
IL,KANE,7117,2364434.2,202.0,1080271.88
IL,KANKAKEE,404,1212509.62,38.0,860451.1
IL,KENDALL,235,1084819.59,50.0,1042258.0
IL,KNOX,3207,998379.15,40.0,287440.42
IL,LA SALLE,1042,426182.35,103.0,193265.16999999998
IL,LAKE,1991,9726265.93,256.0,3927405.43
IL,LAWRENCE,14,4820.0,14.0,4820.0
IL,LEE,24,11976.0,24.0,11976.0
IL,LOGAN,36,203196.0,36.0,203196.0
IL,MACON,10,26206.0,10.0,26206.0
IL,MACOUPIN,33,329128.70999999996,30.0,310738.0
IL,MADISON,736,383709.02999999997,127.0,91341.0
IL,MARION,47,201777.71,33.0,168673.0
IL,MARSHALL,97,10289.98,30.0,6245.6900000000005
IL,MASON,119,320515.57,14.0,167737.0
IL,MASSAC,1575,4838120.2,16.0,504642.0
IL,MCDONOUGH,5,690.0,5.0,690.0
IL,MCHENRY,2917,1527978.58,223.0,649891.88
IL,MCLEAN,20,7222.42,18.0,7105.0
IL,MENARD,510,4295235.46,15.0,254713.0
IL,MONROE,22,80803.0,22.0,80803.0
IL,MONTGOMERY,199,257717.29,42.0,217311.27000000002
IL,MORGAN,760,440805.45,32.0,231290.72
IL,MOULTRIE,7,604.0,2.0,276.0
IL,OGLE,38,447430.41000000003,26.0,321199.0
IL,PEORIA,4,60998.0,3.0,25998.0
IL,PERRY,7,5528.0,3.0,1136.0
IL,PIATT,18,2159.3599999999997,12.0,1807.1
IL,PIKE,6,1673.13,3.0,1497.0
IL,POPE,68,697754.96,2.0,72989.0
IL,PULASKI,292,1390608.75,5.0,100030.0
IL,PUTNAM,7,1327.0,7.0,1327.0
IL,RANDOLPH,53,13071.22,23.0,8589.0
IL,ROCK ISLAND,140,88232.48000000001,79.0,78208.3
IL,ST CLAIR,2400,1311942.71,231.0,597139.5
IL,SALINE,54,731552.0,5.0,97309.0
IL,SANGAMON,3167,2243283.25,733.0,996851.5599999999
IL,SCOTT,1,138.0,1.0,138.0
IL,SHELBY,5,1412.0,5.0,1412.0
IL,STARK,88,279420.99,9.0,52380.0
IL,STEPHENSON,25,1161633.55,10.0,280659.0
IL,TAZEWELL,691,1081945.37,128.0,516386.0
IL,UNION,4,39292.0,4.0,39292.0
IL,VERMILION,64,87287.0,64.0,87287.0
IL,WASHINGTON,36,62686.11,11.0,33639.95
IL,WAYNE,9,120705.0,9.0,120705.0
IL,WHITE,42,1286898.0,12.0,378484.0
IL,WHITESIDE,17,32094.0,16.0,32094.0
IL,WILL,1731,1208777.38,273.0,671663.69
IL,WILLIAMSON,174,1609168.4,60.0,1018541.72
IL,WINNEBAGO,182,1034898.06,16.0,865891.0
IL,WOODFORD,4,552.0,4.0,552.0
IN,ADAMS,811,279240.27999999997,38.0,8981.0
IN,ALLEN,188,47877.71,82.0,29854.0
IN,BARTHOLOMEW,39,7524.26,33.0,7172.0
IN,BLACKFORD,2442,167001.86,29.0,41789.0
IN,BOONE,143,118576.52,54.0,108128.92
IN,BROWN,173,26080.08,12.0,4033.0
IN,CASS,35,2988.33,12.0,1638.0
IN,CLARK,11412,11816915.22,122.0,941261.5700000001
IN,CLAY,39,92404.45,21.0,80244.0
IN,CLINTON,139,534827.1,26.0,54089.38
IN,CRAWFORD,131,81042.48,11.0,2387.43
IN,DAVIESS,51,12532.91,30.0,11300.0
IN,DE KALB,331,87501.02,31.0,62724.17
IN,DEARBORN,8,1429.0,8.0,1429.0
IN,DECATUR,3,1136.0,3.0,1136.0
IN,DELAWARE,334,426252.98,67.0,349076.0
IN,DUBOIS,14,1103.1,4.0,516.0
IN,ELKHART,149,23918.940000000002,98.0,17860.0
IN,FAYETTE,26,183414.09,11.0,182410.0
IN,FLOYD,137,28541.7,83.0,19790.0
IN,FRANKLIN,13,1705.1,3.0,1118.0
IN,FULTON,3,775.0,3.0,775.0
IN,GIBSON,12,29406.0,12.0,29406.0
IN,GRANT,84,43394.78,53.0,13993.0
IN,GREENE,17,2159.81,6.0,1514.0
IN,HAMILTON,841,125583.82,212.0,113575.92
IN,HANCOCK,36,4155.33,13.0,2805.0
IN,HARRISON,334,77003.92,10.0,52428.0
IN,HENDRICKS,101,24782.72,67.0,22904.0
IN,HENRY,491,645778.9600000001,44.0,385692.0
IN,HOWARD,24,8366.0,24.0,8366.0
IN,HUNTINGTON,415,504648.98,39.0,325350.0
IN,JACKSON,49,83824.0,49.0,83824.0
IN,JASPER,16,5096.0,16.0,5096.0
IN,JAY,42,66111.83,24.0,62555.0
IN,JEFFERSON,35,1114066.1,23.0,958451.0
IN,JENNINGS,28,5518.81,17.0,4873.0
IN,JOHNSON,118,777884.2,98.0,776710.0
IN,KNOX,85,194901.96,55.0,87845.0
IN,KOSCIUSKO,486,136684.04,53.0,116337.0
IN,LA PORTE,2,95978.0,2.0,95978.0
IN,LAGRANGE,358,615603.4299999999,29.0,219351.28
IN,LAKE,301,2089511.7,171.0,2011862.0
IN,LAWRENCE,34,84013.39,25.0,83485.0
IN,MADISON,208,120568.43,123.0,108343.0
IN,MARION,9424,1573358.36,385.0,750016.9
IN,MARSHALL,117,57208.799999999996,2.0,39190.0
IN,MARTIN,8,1104.0,8.0,1104.0
IN,MIAMI,21,3256.13,18.0,3080.0
IN,MONROE,218,21530.010000000002,52.0,20034.0
IN,MONTGOMERY,2,178.71,1.0,120.0
IN,MORGAN,38,667913.65,23.0,667033.0
IN,NOBLE,296,272681.16000000003,54.0,67428.09
IN,ORANGE,15,46124.81,4.0,45479.0
IN,OWEN,5,1266.71,2.0,998.0
IN,PARKE,23,113286.34,8.0,51550.0
IN,PERRY,361,35551.88,1.0,25000.0
IN,PIKE,296,46762.380000000005,23.0,42067.62
IN,PORTER,128,343985.18,61.0,249684.0
IN,PULASKI,1003,5216673.0600000005,70.0,1010682.55
IN,PUTNAM,13325,4050785.98,16.0,242341.3
IN,RANDOLPH,22,52664.13,14.0,52438.0
IN,RIPLEY,3,1497.0,3.0,1497.0
IN,RUSH,14,6625.0,14.0,6625.0
IN,SCOTT,1820,2152660.7600000002,9.0,169690.0
IN,SHELBY,871,449160.95,81.0,351840.95999999996
IN,SPENCER,8,1104.0,8.0,1104.0
IN,ST JOSEPH,6987,2399174.36,216.0,1195196.3599999999
IN,STARKE,27,128046.62,6.0,81413.0
IN,STEUBEN,1108,762352.09,27.0,82897.0
IN,SWITZERLAND,7,851.26,1.0,499.0
IN,TIPPECANOE,202,930256.29,152.0,920594.7
IN,TIPTON,17,6844.42,15.0,6727.0
IN,UNION,122,10690.210000000001,7.0,2049.0
IN,VANDERBURGH,1299,682117.88,66.0,505798.16000000003
IN,VERMILLION,13,1886.8400000000001,7.0,1652.0
IN,VIGO,1485,986631.3200000001,120.0,949281.69
IN,WABASH,19,8699.0,19.0,8699.0
IN,WARRICK,13,90671.0,13.0,90671.0
IN,WASHINGTON,69,74431.21,13.0,52240.0
IN,WAYNE,59,456469.42,55.0,393569.0
IN,WELLS,6,2272.0,6.0,2272.0
IN,WHITE,2,50000.0,2.0,50000.0
IN,WHITLEY,35,9777.65,20.0,8897.0
KS,ALLEN,18,3654.6800000000003,10.0,3185.0
KS,ANDERSON,9,607.6800000000001,1.0,138.0
KS,BARTON,40,9838.78,22.0,8782.0
KS,BOURBON,14,3575.0,14.0,3575.0
KS,BROWN,29,144612.78,5.0,141253.0
KS,BUTLER,23,6700.26,17.0,6348.0
KS,CHAUTAUQUA,32,3151.23,19.0,2388.0
KS,CHEROKEE,31,2502.84,27.0,2268.0
KS,CHEYENNE,29,35970.92,15.0,27907.0
KS,CLAY,8,2876.0,8.0,2876.0
KS,COFFEY,40,691618.89,9.0,658978.0
KS,COMANCHE,1,138.0,1.0,138.0
KS,COWLEY,38,9018.05,31.0,8412.0
KS,CRAWFORD,43,14339.26,37.0,13987.0
KS,DECATUR,2,258.0,2.0,258.0
KS,DICKINSON,17,3556.0,17.0,3556.0
KS,DOUGLAS,42,68069.42,16.0,52059.0
KS,ELLIS,27,7234.0,27.0,7234.0
KS,ELLSWORTH,16,1920.0,16.0,1920.0
KS,FINNEY,107,170550.2,82.0,169048.0
KS,FORD,12,70780.0,12.0,70780.0
KS,FRANKLIN,23,34309.0,23.0,34309.0
KS,GEARY,52,10262.31,41.0,9107.0
KS,GRAHAM,4,675.13,1.0,499.0
KS,GRANT,1,25000.0,1.0,25000.0
KS,GRAY,1,25000.0,1.0,25000.0
KS,GREELEY,2,998.0,2.0,998.0
KS,GREENWOOD,2,69722.0,2.0,69722.0
KS,HAMILTON,1,47989.0,1.0,47989.0
KS,HARVEY,15,27387.42,13.0,27270.0
KS,HASKELL,5,690.0,5.0,690.0
KS,JACKSON,7,840.0,7.0,840.0
KS,JEFFERSON,20,2400.0,20.0,2400.0
KS,JOHNSON,35,420628.0,35.0,420628.0
KS,KIOWA,6,97974.0,6.0,97974.0
KS,LABETTE,4,480.0,4.0,480.0
KS,LEAVENWORTH,22,9146.0,22.0,9146.0
KS,LINN,39,4961.26,33.0,4609.0
KS,LOGAN,3,414.0,3.0,414.0
KS,LYON,12,51236.0,12.0,51236.0
KS,MARION,12,4085.71,11.0,4027.0
KS,MARSHALL,4,833.71,3.0,775.0
KS,MCPHERSON,16,2425.0,16.0,2425.0
KS,MEADE,12,2685.55,7.0,2392.0
KS,MIAMI,56,64691.09,39.0,61388.0
KS,MONTGOMERY,18,446353.0,13.0,415936.0
KS,NEMAHA,4,1996.0,4.0,1996.0
KS,NEOSHO,20,2436.0,20.0,2436.0
KS,NORTON,6,720.0,6.0,720.0
KS,OSAGE,5,619.0,2.0,619.0
KS,OTTAWA,16,1613.55,11.0,1320.0
KS,PAWNEE,20,6289.5,10.0,1200.0
KS,POTTAWATOMIE,16,4151.0,10.0,3495.0
KS,PRATT,107,35051.06,25.0,30478.0
KS,RAWLINS,10,990.84,6.0,756.0
KS,RENO,102,5399.84,35.0,5030.0
KS,RICE,14,7461.0,14.0,7461.0
KS,RILEY,27,5514.0,27.0,5514.0
KS,ROOKS,18,3636.6800000000003,10.0,3167.0
KS,SALINE,59,245450.24,53.0,237856.0
KS,SCOTT,7,1219.0,7.0,1219.0
KS,SEDGWICK,157,889812.2,35.0,699290.1
KS,SHAWNEE,77,17999.0,77.0,17999.0
KS,SHERMAN,15,18163.0,14.0,3990.0
KS,SMITH,6,2994.0,6.0,2994.0
KS,STAFFORD,2,998.0,2.0,998.0
KS,SUMNER,2,240.0,2.0,240.0
KS,THOMAS,10,4268.0,10.0,4268.0
KS,WABAUNSEE,27,26634.11,3.0,25276.0
KS,WICHITA,5,372.84,1.0,138.0
KS,WILSON,39,74747.1,28.0,39160.0
KS,WOODSON,10,4990.0,10.0,4990.0
KS,WYANDOTTE,245,41149.93,117.0,41020.0
KY,ALLEN,16,56986.0,16.0,56986.0
KY,ANDERSON,43,226729.06,17.0,190999.0
KY,BARREN,908,1443691.91,9.0,305706.0
KY,BOONE,188,46489.75,112.0,40533.64
KY,BOURBON,6,227682.0,4.0,122069.0
KY,BOYLE,4241,354813.51,2.0,69722.0
KY,BRACKEN,9,70379.13,4.0,50258.0
KY,BREATHITT,32,530291.0,15.0,195167.0
KY,BRECKINRIDGE,274,341347.32,14.0,243659.69
KY,BULLITT,388,146560.15999999997,29.0,43075.0
KY,BUTLER,8,960.0,8.0,960.0
KY,CALDWELL,2,58400.0,0.0,0.0
KY,CAMPBELL,451,399417.46,34.0,333173.61
KY,CARLISLE,1227,539527.2,18.0,212778.69
KY,CARROLL,15,5680.0,15.0,5680.0
KY,CARTER,9,163013.0,4.0,75108.0
KY,CASEY,313,185241.76,6.0,132956.43
KY,CHRISTIAN,305,224616.61,39.0,186649.46
KY,CLARK,909,97494.08,23.0,75025.69
KY,CLINTON,1,25000.0,1.0,25000.0
KY,CRITTENDEN,1,25000.0,1.0,25000.0
KY,DAVIESS,170,201197.86,31.0,181552.32
KY,EDMONSON,300,379102.13,21.0,214410.98
KY,ESTILL,156,1275176.82,28.0,154946.84
KY,FAYETTE,2,381634.0,2.0,381634.0
KY,FLEMING,3,75000.0,3.0,75000.0
KY,FLOYD,7,147475.0,7.0,147475.0
KY,FRANKLIN,17541,8383543.2,1441.0,3222190.0
KY,FULTON,13,243400.2,5.0,147989.0
KY,GALLATIN,23,409704.55,5.0,155603.0
KY,GARRARD,1,39052.0,1.0,39052.0
KY,GRANT,14,122801.0,12.0,100206.0
KY,GRAVES,30,2987.1,20.0,2400.0
KY,GRAYSON,8,1349.6599999999999,8.0,1349.6599999999999
KY,GREEN,11,100877.0,10.0,92545.0
KY,HANCOCK,34,153023.49,5.0,139350.0
KY,HARDIN,2796,1745289.61,26.0,105801.0
KY,HARLAN,14,109264.82,3.0,108774.0
KY,HART,2,276.0,2.0,276.0
KY,HENDERSON,52,1640343.35,8.0,893030.0
KY,HENRY,28,211112.39,17.0,166043.0
KY,HICKMAN,52,86056.62,7.0,68923.0
KY,HOPKINS,106,212304.61,4.0,188276.0
KY,JEFFERSON,12820,874858.23,302.0,421902.72
KY,JESSAMINE,21,136268.0,21.0,136268.0
KY,JOHNSON,11,29990.0,11.0,29990.0
KY,KENTON,1499,960415.09,95.0,875910.29
KY,LAUREL,917,605305.8,22.0,321289.0
KY,LEE,1,25000.0,1.0,25000.0
KY,LESLIE,4,122989.0,4.0,122989.0
KY,LETCHER,117,282181.44,3.0,50108.0
KY,LEWIS,6,720.0,6.0,720.0
KY,LINCOLN,2336,525264.64,20.0,180703.06
KY,LOGAN,109,212614.59,12.0,193252.0
KY,MADISON,26,375974.0,21.0,197778.0
KY,MAGOFFIN,10,893.55,5.0,600.0
KY,MARION,17,8483.0,17.0,8483.0
KY,MARSHALL,17,186326.45,9.0,123679.0
KY,MARTIN,152,138068.22,3.0,91253.0
KY,MASON,11,324431.0,5.0,187433.0
KY,MCCRACKEN,26,459661.27,10.0,437864.0
KY,MEADE,250,866013.6799999999,2.0,50000.0
KY,MENIFEE,2,72989.0,2.0,72989.0
KY,MERCER,3,166226.0,1.0,25000.0
KY,MONROE,224,3108990.41,29.0,470854.0
KY,MONTGOMERY,31,151199.0,31.0,151199.0
KY,MUHLENBERG,9,299281.0,3.0,97989.0
KY,NELSON,49,5013.73,8.0,960.0
KY,OHIO,30,29881.79,13.0,28822.0
KY,OLDHAM,1911,305405.7,95.0,195715.03
KY,OWEN,24,89201.39,15.0,88673.0
KY,PENDLETON,32,389678.06,15.0,251025.0
KY,PERRY,121,196070.89,13.0,179291.51
KY,PULASKI,9,204118.0,9.0,204118.0
KY,ROCKCASTLE,2,240.0,2.0,240.0
KY,ROWAN,12,156582.0,9.0,133989.0
KY,SCOTT,2993,662066.91,89.0,544687.0
KY,SHELBY,9,9786.2,0.0,0.0
KY,SIMPSON,428,1115191.99,73.0,167113.0
KY,SPENCER,66,440499.36,27.0,173115.0
KY,TAYLOR,2228,1175495.97,2.0,50000.0
KY,TODD,11,52754.0,10.0,51754.0
KY,TRIGG,613,254823.86000000002,16.0,69747.69
KY,TRIMBLE,8,25410.97,1.0,25000.0
KY,UNION,5,135139.45,2.0,119124.0
KY,WARREN,18,2931.75,6.0,2633.0
KY,WAYNE,6,237367.0,2.0,82506.0
KY,WEBSTER,10,164164.0,9.0,93551.0
KY,WHITLEY,33,164516.0,33.0,164516.0
KY,WOODFORD,312,1529003.68,53.0,296800.69
LA,ACADIA,23,738563.0,23.0,738563.0
LA,ASCENSION,22,809899.39,16.0,735017.0
LA,ASSUMPTION,333,825098.26,35.0,808570.0700000001
LA,AVOYELLES,12,5988.0,12.0,5988.0
LA,BEAUREGARD,50,113858.45999999999,19.0,76220.0
LA,BIENVILLE,23,10394.0,23.0,10394.0
LA,BOSSIER,62,33508.0,61.0,30078.0
LA,CADDO,770,99708.56,229.0,94563.0
LA,CALCASIEU,1050,1525969.33,212.0,1524215.0
LA,CAMERON,22,101479.0,22.0,101479.0
LA,CATAHOULA,6,828.0,6.0,828.0
LA,CLAIBORNE,6,2994.0,6.0,2994.0
LA,DE SOTO,27,11668.0,27.0,11668.0
LA,EAST BATON ROUGE,601,1593438.21,572.0,1514186.0
LA,EAST FELICIANA,2,489688.0,2.0,489688.0
LA,EVANGELINE,20,9980.0,20.0,9980.0
LA,FRANKLIN,7,412828.0,7.0,412828.0
LA,IBERVILLE,5,50414.0,5.0,50414.0
LA,JACKSON,3,6276.0,3.0,6276.0
LA,JEFFERSON,16,2557512.0,13.0,1927512.0
LA,JEFFERSON DAVIS,20,1174.2,0.0,0.0
LA,LA SALLE,5,2495.0,5.0,2495.0
LA,LAFAYETTE,165,294571.0,160.0,273545.0
LA,LAFOURCHE,1,733000.0,1.0,733000.0
LA,LINCOLN,126,154598.51,67.0,132967.0
LA,LIVINGSTON,34,785291.86,13.0,644920.0
LA,MOREHOUSE,40,19960.0,40.0,19960.0
LA,NATCHITOCHES,23,6530.0,22.0,6430.0
LA,ORLEANS,8077,238385.44,68.0,44947.17
LA,OUACHITA,79,603325.0,77.0,583325.0
LA,PLAQUEMINES,59,13196.0,59.0,13196.0
LA,POINTE COUPEE,42,4429.5,42.0,4429.5
LA,RAPIDES,113,1723905.68,36.0,1715410.0
LA,ST CHARLES,79,455957.0,79.0,455957.0
LA,ST HELENA,5,2495.0,5.0,2495.0
LA,ST JAMES,3,75000.0,3.0,75000.0
LA,ST LANDRY,46,18146.4,46.0,18146.4
LA,ST MARTIN,15,2070.0,15.0,2070.0
LA,ST MARY,2,276.0,2.0,276.0
LA,ST TAMMANY,67,1689555.0,62.0,1622416.0
LA,ST JOHN THE BAPTIST,1,244844.0,1.0,244844.0
LA,TANGIPAHOA,45,746538.26,39.0,746186.0
LA,TERREBONNE,40,4800.0,40.0,4800.0
LA,VERMILION,29,7902.1,19.0,7315.0
LA,VERNON,272,390209.63,31.0,236363.0
LA,WASHINGTON,31,747970.0,31.0,747970.0
LA,WEBSTER,58,761064.0,58.0,761064.0
LA,WEST FELICIANA,32,1195884.0,32.0,1195884.0
MA,BARNSTABLE,29,100614.0,28.0,100614.0
MA,BERKSHIRE,9,96284.0,9.0,96284.0
MA,BRISTOL,1015,2969583.85,142.0,1782824.08
MA,ESSEX,1386,1192521.8099999998,146.0,1108477.69
MA,FRANKLIN,116,618500.3099999999,1.0,47989.0
MA,HAMPDEN,63,250992.45,57.0,222659.0
MA,HAMPSHIRE,57,197370.88,19.0,140465.0
MA,MIDDLESEX,2256,2886084.01,279.0,660515.0
MA,NORFOLK,480,977665.94,116.0,667540.25
MA,PLYMOUTH,897,698693.41,60.0,436540.0
MA,SUFFOLK,760,486033.25,51.0,342463.0
MA,WORCESTER,739,1356214.93,208.0,714109.2
MD,ALLEGANY,2,276.0,2.0,276.0
MD,ANNE ARUNDEL,271,440294.0,141.0,414038.0
MD,BALTIMORE,283,141217.0,283.0,141217.0
MD,BALTIMORE CITY,1493,121182.97,184.0,47449.0
MD,CALVERT,52,16094.65,37.0,15214.0
MD,CAROLINE,214,137016.96,42.0,95978.0
MD,CARROLL,432,75085.93,118.0,50646.0
MD,CECIL,117,27703.01,13.0,2094.0
MD,CHARLES,328,211923.86000000002,106.0,174995.0
MD,DORCHESTER,55,122446.18,26.0,104344.0
MD,FREDERICK,54,89369.0,42.0,85529.0
MD,GARRETT,19,9341.0,19.0,9341.0
MD,HARFORD,110,712217.0,64.0,711561.0
MD,HOWARD,2806,777735.11,232.0,235747.6
MD,MONTGOMERY,1895,1080357.0899999999,55.0,129465.94
MD,PRINCE GEORGES,1887,1872368.92,859.0,1608467.65
MD,QUEEN ANNES,85,438926.85,58.0,430457.0
MD,ST MARYS,27,11307.0,27.0,11307.0
MD,SOMERSET,101,357832.54,47.0,263384.0
MD,TALBOT,23,5867.77,14.0,2925.0
MD,WASHINGTON,121,39472.0,81.0,26672.0
MD,WICOMICO,76,99971.0,76.0,99971.0
MD,WORCESTER,81,112525.55,67.0,43104.0
ME,ANDROSCOGGIN,18,551662.0,16.0,540843.0
ME,AROOSTOOK,9901,4805779.09,95.0,185112.0
ME,CUMBERLAND,1637,1448014.3,175.0,1120573.49
ME,FRANKLIN,61,24282.63,27.0,22941.0
ME,HANCOCK,17,2054.13,14.0,1878.0
ME,KENNEBEC,1139,2167456.89,208.0,1175268.0
ME,KNOX,32,53353.66,13.0,42459.0
ME,LINCOLN,4,552.0,4.0,552.0
ME,OXFORD,2000,340450.74,45.0,116415.5
ME,PENOBSCOT,36,24464.2,31.0,24150.2
ME,PISCATAQUIS,23,23371.97,16.0,22961.0
ME,SAGADAHOC,8,927.42,6.0,810.0
ME,SOMERSET,30,155343.0,27.0,9791.0
ME,WALDO,58,35193.020000000004,34.0,2084.0
ME,WASHINGTON,554,251930.38999999998,3.0,48067.0
ME,YORK,1023,2084402.63,76.0,954634.1
MI,ALCONA,6,2994.0,6.0,2994.0
MI,ALGER,3,75000.0,3.0,75000.0
MI,ALLEGAN,2841,1421143.85,33.0,1100569.0
MI,ALPENA,42,17713.72,40.0,17596.3
MI,ANTRIM,5,2134.0,5.0,2134.0
MI,ARENAC,6,828.0,6.0,828.0
MI,BARAGA,14,1420.81,3.0,775.0
MI,BARRY,217,1284423.23,118.0,1261675.97
MI,BAY,201,87392.62,46.0,83942.0
MI,BENZIE,12,5266.0,12.0,5266.0
MI,BERRIEN,3401,1820048.6600000001,179.0,1308234.38
MI,BRANCH,5,690.0,5.0,690.0
MI,CALHOUN,526,1037746.68,87.0,954695.0
MI,CASS,70,56079.38,1.0,55500.0
MI,CHARLEVOIX,6,2994.0,6.0,2994.0
MI,CHEBOYGAN,2,138.0,1.0,138.0
MI,CLARE,8398,712803.61,29.0,269507.0
MI,CLINTON,879,3885368.35,127.0,157280.6
MI,CRAWFORD,12,5988.0,12.0,5988.0
MI,DELTA,787,123366.77,39.0,81987.0
MI,EATON,1932,1096515.1099999999,62.0,1074215.38
MI,EMMET,14,1139.1,4.0,552.0
MI,GENESEE,6129,2009951.69,139.0,442810.07
MI,GOGEBIC,124,14809.41,21.0,10479.0
MI,GRAND TRAVERSE,79,34367.0,79.0,34367.0
MI,GRATIOT,16,3042.42,14.0,2925.0
MI,HILLSDALE,18,4957.0,18.0,4957.0
MI,HOUGHTON,5,531.42,3.0,414.0
MI,HURON,47,86623.77,21.0,77477.0
MI,INGHAM,8467,985915.57,291.0,574014.06
MI,IONIA,149,5240.72,9.0,1559.0
MI,IOSCO,39,7652.04,9.0,4130.0
MI,IRON,2,998.0,2.0,998.0
MI,ISABELLA,268,482922.6,50.0,278162.28
MI,JACKSON,23,560100.0,16.0,304269.0
MI,KALAMAZOO,2168,454710.58999999997,111.0,145524.0
MI,KALKASKA,1,25000.0,1.0,25000.0
MI,KENT,1706,162366.63,36.0,73916.49
MI,LAKE,20,237894.0,19.0,127894.0
MI,LAPEER,15,1836.0,15.0,1836.0
MI,LEELANAU,31,13664.0,31.0,13664.0
MI,LENAWEE,997,959061.52,35.0,78019.0
MI,LIVINGSTON,2198,944674.6,66.0,595808.3
MI,MACKINAC,14,87533.0,14.0,87533.0
MI,MACOMB,204,241220.27,187.0,240222.2
MI,MANISTEE,63,48070.14,1.0,47989.0
MI,MARQUETTE,138,150324.84,34.0,141693.0
MI,MASON,11,4045.0,11.0,4045.0
MI,MENOMINEE,23,1512.4,3.0,1497.0
MI,MIDLAND,13,6487.0,13.0,6487.0
MI,MONROE,268,2714484.12,70.0,1015720.54
MI,MONTCALM,4102,97532.71,43.0,17461.0
MI,MUSKEGON,129,931207.87,14.0,905836.0
MI,NEWAYGO,75,945707.83,10.0,876567.0
MI,OAKLAND,44681,5516942.53,991.0,3201815.94
MI,OCEANA,103,3722.93,12.0,2324.0
MI,OGEMAW,830,310388.1,92.0,108318.12
MI,OTSEGO,2,276.0,2.0,276.0
MI,OTTAWA,1773,214050.74,96.0,208330.43
MI,ROSCOMMON,56,38232.59,27.0,36530.0
MI,SAGINAW,1618,1706674.13,55.0,1404344.51
MI,ST CLAIR,13382,6918622.23,65.0,176293.0
MI,ST JOSEPH,2,25138.0,2.0,25138.0
MI,SANILAC,1606,53304.54,14.0,15423.68
MI,SCHOOLCRAFT,3,142365.0,3.0,142365.0
MI,SHIAWASSEE,638,665699.97,5.0,120908.0
MI,TUSCOLA,115,8616.99,25.0,8360.0
MI,VAN BUREN,5298,79265.06999999999,40.0,15989.0
MI,WASHTENAW,51,625745.56,5.0,612760.0
MI,WAYNE,10242,2887886.19,461.0,2130422.92
MI,WEXFORD,11,3269.0,11.0,3269.0
MN,AITKIN,11,2962.0,11.0,2962.0
MN,ANOKA,319,166524.61,200.0,155567.0
MN,BECKER,15,4958.0,15.0,4958.0
MN,BELTRAMI,43,20215.42,41.0,20098.0
MN,BENTON,29,74010.42,27.0,73893.0
MN,BIG STONE,7,1616.0,7.0,1616.0
MN,BLUE EARTH,91,84919.39,82.0,84391.0
MN,BROWN,33,7989.26,27.0,7637.0
MN,CARLTON,27,8991.0,27.0,8991.0
MN,CARVER,22,2149.68,14.0,1680.0
MN,CASS,75,26446.0,75.0,26446.0
MN,CHIPPEWA,19,5751.84,15.0,5517.0
MN,CHISAGO,17,70527.0,17.0,70527.0
MN,CLAY,29,8377.84,25.0,8143.0
MN,CLEARWATER,16,6420.0,16.0,6420.0
MN,COOK,3,1497.0,3.0,1497.0
MN,COTTONWOOD,41,13666.95,35.0,13133.0
MN,CROW WING,337,52307.53,55.0,61799.44
MN,DAKOTA,364,936756.29,97.0,863410.0
MN,DODGE,19,5676.97,12.0,5266.0
MN,DOUGLAS,26,70686.0,26.0,70686.0
MN,FARIBAULT,18,4052.42,16.0,3935.0
MN,FILLMORE,4,234.84,0.0,0.0
MN,GOODHUE,27,127286.0,26.0,125035.0
MN,GRANT,7,2410.0,7.0,2410.0
MN,HENNEPIN,3482,427659.06,399.0,403571.0
MN,HOUSTON,41,5342.44,27.0,4802.0
MN,HUBBARD,27,71830.84,23.0,71596.0
MN,ISANTI,26,9787.42,24.0,9670.0
MN,ITASCA,27,77438.0,25.0,77438.0
MN,JACKSON,7,3493.0,7.0,3493.0
MN,KANABEC,11,4406.0,11.0,4406.0
MN,KANDIYOHI,31,77198.9,31.0,77198.9
MN,KITTSON,6,828.0,6.0,828.0
MN,LAC QUI PARLE,8,3601.0,8.0,3601.0
MN,LAKE,11,3323.0,11.0,3323.0
MN,LAKE OF THE WOODS,18,3496.1,8.0,2909.0
MN,LE SUEUR,37,13653.94,21.0,6418.0
MN,LINCOLN,5,2495.0,5.0,2495.0
MN,LYON,27,100396.26,21.0,100044.0
MN,MAHNOMEN,6,3215.0,6.0,3215.0
MN,MARSHALL,6,2272.0,6.0,2272.0
MN,MARTIN,24,10893.0,24.0,10893.0
MN,MCLEOD,37,14694.42,35.0,14577.0
MN,MEEKER,14,4379.71,13.0,4321.0
MN,MILLE LACS,55,10290.6,25.0,8585.0
MN,MORRISON,126,121508.35,41.0,101625.1
MN,MOWER,20,67340.71,19.0,67282.0
MN,MURRAY,154,49202.34,6.0,2994.0
MN,NICOLLET,38,7776.39,29.0,7248.0
MN,NOBLES,22,8812.0,22.0,8812.0
MN,NORMAN,4,552.0,4.0,552.0
MN,OLMSTED,39,423785.0,39.0,423785.0
MN,OTTER TAIL,22,6918.41,15.0,6384.0
MN,PENNINGTON,6,1911.0,6.0,1911.0
MN,PINE,10,478174.0,10.0,478174.0
MN,PIPESTONE,6,828.0,6.0,828.0
MN,POLK,22,5924.0,22.0,5924.0
MN,POPE,19,4954.97,12.0,4544.0
MN,RAMSEY,2644,2193363.88,1016.0,1256053.13
MN,RED LAKE,11,1966.68,3.0,1497.0
MN,REDWOOD,23,5340.0,23.0,5340.0
MN,RENVILLE,12,3822.0,12.0,3822.0
MN,RICE,9,4491.0,9.0,4491.0
MN,ROSEAU,28,8218.42,26.0,8101.0
MN,ST LOUIS,359,532589.4,127.0,531756.0
MN,SCOTT,29,10831.0,29.0,10831.0
MN,SHERBURNE,34,416275.97000000003,16.0,415875.0
MN,SIBLEY,18,7177.0,18.0,7177.0
MN,STEARNS,111,445721.51,90.0,444180.0
MN,STEELE,25,9587.0,25.0,9587.0
MN,STEVENS,24,4577.1,14.0,3990.0
MN,SWIFT,10,3185.0,10.0,3185.0
MN,TODD,19,56971.0,19.0,56971.0
MN,TRAVERSE,16,2443.55,11.0,2150.0
MN,WABASHA,6,2994.0,6.0,2994.0
MN,WADENA,18,5459.13,15.0,5283.0
MN,WASECA,59,153587.2,39.0,152413.0
MN,WASHINGTON,19,8398.0,19.0,8398.0
MN,WATONWAN,10,2824.0,10.0,2824.0
MN,WILKIN,51,269916.39,8.0,175187.0
MN,WINONA,10,4990.0,10.0,4990.0
MN,WRIGHT,56,678959.13,49.0,674616.0
MN,YELLOW MEDICINE,56,11601.039999999999,32.0,10192.0
MO,AUDRAIN,56,46697.58,32.0,41446.0
MO,BARRY,3,42237.0,2.0,41752.0
MO,BARTON,1,47989.0,1.0,47989.0
MO,BATES,113,880026.35,44.0,842483.0
MO,BENTON,11,26693.51,7.0,25828.0
MO,BOLLINGER,15,27050.9,1.0,25000.0
MO,BOONE,44,110212.0,15.0,95115.0
MO,BUCHANAN,11,70060.0,11.0,70060.0
MO,BUTLER,57,53190.729999999996,1.0,44722.0
MO,CALLAWAY,123,123526.4,10.0,106757.0
MO,CAMDEN,581,329328.67,9.0,141108.16
MO,CAPE GIRARDEAU,5,901967.0,5.0,901967.0
MO,CARROLL,10,328.0,0.0,0.0
MO,CASS,913,878517.14,6.0,859567.0
MO,CEDAR,44,107961.25,16.0,99273.0
MO,CHARITON,9,520.1700000000001,0.0,0.0
MO,CHRISTIAN,93,469786.63,48.0,462575.0
MO,CLARK,3,10.0,0.0,0.0
MO,CLAY,134,60593.21,53.0,13561.0
MO,CLINTON,34,115347.45999999999,7.0,75484.0
MO,COLE,8124,1499055.9,318.0,1124607.0
MO,COOPER,21,78625.05,12.0,77316.0
MO,CRAWFORD,20,18328.43,15.0,18267.0
MO,DADE,1,120.0,1.0,120.0
MO,DALLAS,140,85925.7,14.0,78256.0
MO,DE KALB,9,4800.04,0.0,0.0
MO,DENT,26,2261.94,12.0,1440.0
MO,DUNKLIN,156,892225.34,30.0,880448.0
MO,FRANKLIN,221,760610.53,59.0,523825.0
MO,GASCONADE,7,80889.0,5.0,79689.0
MO,GREENE,68,128441.15,4.0,122989.0
MO,HENRY,1,65070.0,1.0,65070.0
MO,HOWARD,86,85566.74,7.0,67753.0
MO,HOWELL,252,201235.24,7.0,153262.0
MO,IRON,75,117652.62,3.0,113322.0
MO,JACKSON,907,1668594.34,108.0,861384.0
MO,JASPER,777,984001.77,49.0,912655.0
MO,JEFFERSON,90,34527.61,5.0,25498.0
MO,JOHNSON,29,53851.01,5.0,49985.0
MO,KNOX,50,35662.5,1.0,25000.0
MO,LACLEDE,93,45497.02,3.0,33220.0
MO,LAFAYETTE,31,8175.35,0.0,0.0
MO,LAWRENCE,224,197618.05,18.0,154476.0
MO,LEWIS,1,120.0,1.0,120.0
MO,LINCOLN,138,321729.34,29.0,302182.0
MO,LINN,22,30768.260000000002,2.0,25138.0
MO,MACON,1,10.0,0.0,0.0
MO,MADISON,2,50000.0,2.0,50000.0
MO,MARIES,113,35029.41,1.0,25000.0
MO,MARION,20,10.0,0.0,0.0
MO,MCDONALD,676,386163.73,69.0,430405.42
MO,MILLER,118,30488.32,15.0,6763.0
MO,MISSISSIPPI,7,213406.09,0.0,0.0
MO,MONITEAU,25,54275.0,2.0,49788.0
MO,MONTGOMERY,4,1370.87,0.0,0.0
MO,MORGAN,449,1068279.33,31.0,992043.0
MO,NEW MADRID,22,296021.83,4.0,81209.0
MO,NEWTON,12,50968.56,6.0,48589.0
MO,OREGON,17,50212.6,4.0,49486.0
MO,OSAGE,100,51750.46,1.0,47455.0
MO,OZARK,37,6407.169999999999,0.0,0.0
MO,PEMISCOT,40,260347.49,2.0,50000.0
MO,PETTIS,834,429419.31,40.0,87796.0
MO,PHELPS,35,51072.67,5.0,35032.0
MO,PIKE,29,218962.0,20.0,6516.0
MO,PLATTE,18,4546.62,0.0,0.0
MO,POLK,3,27022.0,1.0,25000.0
MO,PULASKI,144,148209.93,9.0,85637.0
MO,PUTNAM,1,25000.0,1.0,25000.0
MO,RALLS,11,57760.83,1.0,47989.0
MO,RANDOLPH,1,1009.73,0.0,0.0
MO,RAY,100,97789.2,3.0,75000.0
MO,RIPLEY,2,381634.0,2.0,381634.0
MO,ST CHARLES,84,72153.01000000001,8.0,34993.0
MO,ST CLAIR,7,113613.93,2.0,95444.0
MO,ST FRANCOIS,148,319795.5,8.0,289543.0
MO,ST LOUIS,243,600861.07,24.0,469068.0
MO,ST LOUIS CITY,1,10000.0,0.0,0.0
MO,STE GENEVIEVE,1,25000.0,1.0,25000.0
MO,SALINE,105,111156.36,36.0,97535.0
MO,SCHUYLER,2,687.0,0.0,0.0
MO,SCOTLAND,4,6522.0,1.0,4110.0
MO,SCOTT,101,27738.56,4.0,25290.0
MO,SHANNON,29,27511.850000000002,0.0,0.0
MO,STODDARD,386,90822.06,26.0,65827.0
MO,STONE,179,59671.270000000004,1.0,47989.0
MO,TANEY,68,33934.08,20.0,28850.0
MO,VERNON,73,46480.55,6.0,34717.0
MO,WARREN,23,6519.91,3.0,414.0
MO,WASHINGTON,1,41253.0,1.0,41253.0
MO,WAYNE,9,1861.93,0.0,0.0
MO,WEBSTER,157,142233.44,8.0,129291.0
MO,WRIGHT,8,3234.0,8.0,3234.0
MS,ADAMS,17,100274.0,17.0,100274.0
MS,ALCORN,11,3684.0,11.0,3684.0
MS,ATTALA,14,3376.0,14.0,3376.0
MS,BOLIVAR,6,2994.0,6.0,2994.0
MS,CALHOUN,8,1014.0,8.0,1014.0
MS,CARROLL,2,117.42,0.0,0.0
MS,CLAY,4,1996.0,4.0,1996.0
MS,COAHOMA,13,4682.0,13.0,4682.0
MS,COPIAH,9,3408.0,9.0,3408.0
MS,DE SOTO,87,237103.69,52.0,219528.0
MS,FORREST,24,6886.0,24.0,6886.0
MS,GEORGE,2,155044.0,2.0,155044.0
MS,GREENE,14,3015.0,14.0,3015.0
MS,GRENADA,21,9035.0,21.0,9035.0
MS,HANCOCK,14,3376.0,14.0,3376.0
MS,HARRISON,473,244021.66,118.0,164928.0
MS,HINDS,192,130773.7,131.0,26602.0
MS,ITAWAMBA,2,998.0,2.0,998.0
MS,JACKSON,30,297079.0,30.0,297079.0
MS,JASPER,16,3598.0,16.0,3598.0
MS,JEFFERSON DAVIS,2,240.0,2.0,240.0
MS,JONES,6,828.0,6.0,828.0
MS,KEMPER,1,138.0,1.0,138.0
MS,LAFAYETTE,33,9458.0,33.0,9458.0
MS,LAUDERDALE,37,13770.0,37.0,13770.0
MS,LEAKE,4,552.0,4.0,552.0
MS,LEE,65,16073.75,57.0,15502.0
MS,LEFLORE,10,3546.0,10.0,3546.0
MS,LOWNDES,25,4353.0,25.0,4353.0
MS,MADISON,44,13007.68,36.0,12538.0
MS,MARSHALL,10,3907.0,10.0,3907.0
MS,MONROE,2,276.0,2.0,276.0
MS,MONTGOMERY,2,998.0,2.0,998.0
MS,NESHOBA,6,1911.0,6.0,1911.0
MS,NEWTON,3,739.0,3.0,739.0
MS,NOXUBEE,2,276.0,2.0,276.0
MS,OKTIBBEHA,26,11891.0,26.0,11891.0
MS,PIKE,12,3822.0,12.0,3822.0
MS,PONTOTOC,3,414.0,3.0,414.0
MS,PRENTISS,11,3323.0,11.0,3323.0
MS,RANKIN,1135,436907.28,39.0,13974.0
MS,SCOTT,3,1497.0,3.0,1497.0
MS,SIMPSON,3,1497.0,3.0,1497.0
MS,SMITH,5,1394.0,5.0,1394.0
MS,SUNFLOWER,20,2760.0,20.0,2760.0
MS,TALLAHATCHIE,2,276.0,2.0,276.0
MS,TATE,10,3907.0,10.0,3907.0
MS,TISHOMINGO,1,138.0,1.0,138.0
MS,UNION,1,499.0,1.0,499.0
MS,WASHINGTON,6,828.0,6.0,828.0
MS,WAYNE,11,1518.0,11.0,1518.0
MS,WINSTON,4,552.0,4.0,552.0
MS,YALOBUSHA,4,1274.0,4.0,1274.0
MT,BEAVERHEAD,22,3123.6800000000003,14.0,2654.0
MT,BIG HORN,5,690.0,5.0,690.0
MT,BLAINE,1567,257488.95,17.0,61869.41
MT,BROADWATER,9,1242.0,9.0,1242.0
MT,CARBON,5,2068.15,2.0,637.0
MT,CARTER,2,276.0,2.0,276.0
MT,CASCADE,134,179784.3,84.0,48692.41
MT,CHOUTEAU,8,2548.0,8.0,2548.0
MT,CUSTER,7,433340.0,0.0,0.0
MT,DANIELS,5,137919.0,3.0,414.0
MT,DEER LODGE,719,2090007.26,0.0,0.0
MT,FALLON,16,3947.55,11.0,3654.0
MT,FERGUS,5,1773.0,5.0,1773.0
MT,FLATHEAD,59,712935.0,59.0,712935.0
MT,GALLATIN,84,13386.720000000001,52.0,11508.0
MT,GARFIELD,5,813.13,2.0,637.0
MT,GLACIER,28,89861.94,14.0,89040.0
MT,GOLDEN VALLEY,5,690.0,5.0,690.0
MT,GRANITE,3,1497.0,3.0,1497.0
MT,HILL,18,3654.68,10.0,3185.0
MT,JUDITH BASIN,1,499.0,1.0,499.0
MT,LAKE,2,998.0,2.0,998.0
MT,LEWIS AND CLARK,512,74703.15,275.0,46975.0
MT,LINCOLN,36,102129.81,13.0,101019.0
MT,MCCONE,25,377210.41000000003,1.0,25000.0
MT,MEAGHER,277,150591.34,20.0,61955.46
MT,MISSOULA,45,29230.0,38.0,14630.0
MT,MUSSELSHELL,14,1737.97,7.0,1327.0
MT,PARK,7,966.0,7.0,966.0
MT,PETROLEUM,24,28423.26,8.0,25966.0
MT,PHILLIPS,2,276.0,2.0,276.0
MT,PONDERA,8,3992.0,8.0,3992.0
MT,POWDER RIVER,58,106799.35,5.0,95324.0
MT,POWELL,207,1099233.71,30.0,10275.0
MT,PRAIRIE,8,26811.13,5.0,26635.0
MT,RICHLAND,17,2151.9700000000003,10.0,1741.0
MT,ROOSEVELT,56,1404541.06,9.0,58514.41
MT,SANDERS,97,83806.95,7.0,47897.0
MT,SHERIDAN,8,1068.55,3.0,775.0
MT,SWEET GRASS,11,181391.26,5.0,181039.0
MT,TETON,16,2040.24,4.0,1274.0
MT,TOOLE,31,77010.09,3.0,25998.0
MT,VALLEY,146,1107731.83,18.0,17338.23
MT,WHEATLAND,13,18497.18,1.0,18054.18
MT,YELLOWSTONE,13,921.81,2.0,276.0
NC,ALAMANCE,20,7814.0,20.0,7814.0
NC,ALEXANDER,4,1274.0,4.0,1274.0
NC,ANSON,13,3850.0,9.0,3408.0
NC,ASHE,2,64052.0,1.0,25000.0
NC,AVERY,25,2735.68,16.0,1938.0
NC,BEAUFORT,118,40284.42,21.0,30047.0
NC,BERTIE,2,196.71,1.0,138.0
NC,BLADEN,4,40549.0,4.0,40549.0
NC,BRUNSWICK,51,591081.94,30.0,512703.1
NC,BUNCOMBE,1155,107811.12,47.0,81988.0
NC,BURKE,62,18236.82,50.0,17532.3
NC,CABARRUS,39,305106.0,39.0,305106.0
NC,CALDWELL,57,211724.17,30.0,210139.0
NC,CAMDEN,5,293.55,0.0,0.0
NC,CARTERET,12,29684.0,11.0,1518.0
NC,CASWELL,7,4589.0,6.0,3773.0
NC,CATAWBA,31,10966.0,30.0,10638.0
NC,CHATHAM,8,575.75,3.0,282.2
NC,CHEROKEE,1533,1697231.75,51.0,1330838.69
NC,CHOWAN,20,65056.0,16.0,7984.0
NC,CLAY,1248,94347.12,1.0,47455.0
NC,CLEVELAND,30,13088.0,30.0,13088.0
NC,COLUMBUS,41,111537.43,9.0,39772.0
NC,CRAVEN,229,52318.64,45.0,45449.1
NC,CUMBERLAND,373,535845.42,116.0,348345.0
NC,CURRITUCK,5288,1316160.6600000001,9.0,1021718.0
NC,DARE,1393,1282228.59,17.0,423592.0
NC,DAVIDSON,32,306903.0,31.0,306575.0
NC,DAVIE,22,9534.0,22.0,9534.0
NC,DUPLIN,15,1999.1,5.0,1412.0
NC,DURHAM,96,42850.0,96.0,42850.0
NC,EDGECOMBE,8,866.13,5.0,690.0
NC,FORSYTH,582,89066.63,15.0,65546.42
NC,FRANKLIN,37,3810.3,7.0,2049.0
NC,GASTON,155,55641.17,123.0,53728.0
NC,GRAHAM,5,293.55,0.0,0.0
NC,GRANVILLE,17,249507.55,12.0,249214.0
NC,GREENE,5,2495.0,5.0,2495.0
NC,GUILFORD,176,22345.43,59.0,21084.0
NC,HALIFAX,946,1210927.32,32.0,974119.2
NC,HARNETT,1677,851200.27,15.0,742415.42
NC,HAYWOOD,25,88349.0,25.0,88349.0
NC,HENDERSON,8,2921.0,7.0,2771.0
NC,HERTFORD,145,209476.53,20.0,202785.0
NC,HYDE,1,41253.0,1.0,41253.0
NC,IREDELL,26,11169.0,26.0,11169.0
NC,JACKSON,44,16362.68,26.0,12613.0
NC,JOHNSTON,20,4739.39,9.0,3769.0
NC,JONES,2402,514416.47,10.0,334274.0
NC,LEE,7,3493.0,7.0,3493.0
NC,LENOIR,15,4086.0,15.0,4086.0
NC,LINCOLN,6,1550.0,6.0,1550.0
NC,MACON,14,880.0,4.0,552.0
NC,MADISON,9,528.39,0.0,0.0
NC,MARTIN,19,1397.68,5.0,600.0
NC,MCDOWELL,24,9720.0,24.0,9720.0
NC,MECKLENBURG,45,15396.0,41.0,14954.0
NC,MITCHELL,10,3185.0,10.0,3185.0
NC,MONTGOMERY,26,7690.52,14.0,6986.0
NC,MOORE,1547,381520.86,40.0,48166.0
NC,NASH,5,600.42,2.0,276.0
NC,NEW HANOVER,786,1103172.8,141.0,619452.0
NC,NORTHAMPTON,151,120074.42,8.0,27705.1
NC,ONSLOW,32,3502.51,16.0,2208.0
NC,ORANGE,56,370181.03,25.0,368106.0
NC,PAMLICO,9,1384.42,7.0,1267.0
NC,PASQUOTANK,23,50731.58,4.0,48591.0
NC,PENDER,14,2444.0,14.0,2444.0
NC,PERSON,14,5542.0,14.0,5542.0
NC,PITT,8423,981443.41,61.0,283635.0
NC,POLK,20,4256.23,7.0,3493.0
NC,RANDOLPH,35,33721.0,35.0,33721.0
NC,RICHMOND,11,3546.0,10.0,3546.0
NC,ROBESON,30,131977.94,26.0,131743.1
NC,ROCKINGHAM,53,27471.81,40.0,19960.0
NC,ROWAN,142,27515.61,53.0,26082.0
NC,RUTHERFORD,41,100619.33,18.0,99269.0
NC,SAMPSON,16,5818.0,16.0,5818.0
NC,SCOTLAND,7,3493.0,7.0,3493.0
NC,STANLY,179,292567.02,30.0,202388.0
NC,STOKES,32,3713.91,11.0,2481.0
NC,SURRY,44,13716.44,32.0,12882.3
NC,SWAIN,6,352.26,0.0,0.0
NC,TRANSYLVANIA,10,4990.0,10.0,4990.0
NC,UNION,40,82574.39,29.0,79484.0
NC,VANCE,18,8982.0,18.0,8982.0
NC,WAKE,2498,1444656.64,99.0,959328.0
NC,WARREN,8,628.26,2.0,276.0
NC,WATAUGA,32,6239.8099999999995,21.0,5594.0
NC,WAYNE,1029,1353944.46,20.0,193331.0
NC,WILKES,60,14600.75,35.0,13133.0
NC,WILSON,1,499.0,1.0,499.0
NC,YADKIN,4,1274.0,4.0,1274.0
NC,YANCEY,6,828.0,6.0,828.0
ND,ADAMS,1,138.0,1.0,138.0
ND,BARNES,40,10260.34,23.0,8950.0
ND,BILLINGS,2,276.0,2.0,276.0
ND,BOTTINEAU,21,3476.0,21.0,3476.0
ND,BOWMAN,3,757.0,3.0,757.0
ND,BURKE,8,600.0,5.0,600.0
ND,BURLEIGH,622,129644.74,360.0,107338.0
ND,CASS,74,22668.0,74.0,22668.0
ND,CAVALIER,3,414.0,3.0,414.0
ND,DICKEY,6,1123.0,6.0,1123.0
ND,DIVIDE,47,1178619.81,7.0,370642.0
ND,DUNN,17,40768.0,17.0,40768.0
ND,EDDY,1,108.0,1.0,108.0
ND,EMMONS,12,80306.0,2.0,619.0
ND,FOSTER,6,13985.95,6.0,13985.95
ND,GOLDEN VALLEY,6,1490.0,6.0,1490.0
ND,GRAND FORKS,21,31433.0,21.0,31433.0
ND,GRANT,6,164765.0,5.0,25895.0
ND,GRIGGS,5,618.0,5.0,618.0
ND,HETTINGER,6,26755.0,6.0,26755.0
ND,KIDDER,1,138.0,1.0,138.0
ND,LAMOURE,6,738.0,6.0,738.0
ND,LOGAN,4,516.0,4.0,516.0
ND,MCHENRY,36,793479.11,9.0,1206.0
ND,MCINTOSH,2,258.0,2.0,258.0
ND,MCKENZIE,6,1550.0,6.0,1550.0
ND,MCLEAN,19,30192.0,19.0,30192.0
ND,MERCER,22,50653.0,22.0,50653.0
ND,MORTON,31,10271.0,31.0,10271.0
ND,MOUNTRAIL,14,1896.0,14.0,1896.0
ND,NELSON,6,756.0,6.0,756.0
ND,PEMBINA,31,51498.1,13.0,51089.0
ND,PIERCE,2,619.0,2.0,619.0
ND,RAMSEY,15,1962.0,15.0,1962.0
ND,RANSOM,6,1550.0,6.0,1550.0
ND,RENVILLE,8,1032.0,8.0,1032.0
ND,RICHLAND,20,6298.0,20.0,6298.0
ND,ROLETTE,1,138.0,1.0,138.0
ND,SARGENT,3,360.0,3.0,360.0
ND,SHERIDAN,2,276.0,2.0,276.0
ND,STARK,49,9850.0,49.0,9850.0
ND,STEELE,1,499.0,1.0,499.0
ND,STUTSMAN,22,895798.39,12.0,684380.0
ND,TOWNER,9,121266.0,9.0,121266.0
ND,TRAILL,4,1214.0,4.0,1214.0
ND,WALSH,147,56338.19,32.0,51907.0
ND,WARD,196,75643.46,66.0,17286.0
ND,WELLS,4,534.0,4.0,534.0
ND,WILLIAMS,26,4942.0,26.0,4942.0
NE,ADAMS,6,828.0,6.0,828.0
NE,BUFFALO,8,3992.0,8.0,3992.0
NE,BURT,11,5099.0,10.0,1976.0
NE,BUTLER,1,138.0,1.0,138.0
NE,CASS,37,16189.0,37.0,16189.0
NE,CHASE,4,480.0,4.0,480.0
NE,COLFAX,8,978.0,8.0,978.0
NE,DAKOTA,101,53262.46,2.0,998.0
NE,DAWES,7,840.0,7.0,840.0
NE,DAWSON,12,1656.0,12.0,1656.0
NE,DIXON,5,2495.0,5.0,2495.0
NE,DODGE,7,966.0,7.0,966.0
NE,DOUGLAS,2406,4808898.84,630.0,4774859.0
NE,FILLMORE,7,1598.0,7.0,1598.0
NE,GAGE,4,552.0,4.0,552.0
NE,GREELEY,3,414.0,3.0,414.0
NE,HALL,181,5863.49,12.0,3682.0
NE,HOLT,8,1385.71,7.0,1327.0
NE,HOWARD,2,619.0,2.0,619.0
NE,JEFFERSON,4,1274.0,4.0,1274.0
NE,KEITH,5,1376.0,5.0,1376.0
NE,KIMBALL,3,17550.0,0.0,0.0
NE,LANCASTER,18,440400.0,18.0,440400.0
NE,MADISON,11,4988.0,11.0,4988.0
NE,MCPHERSON,1,499.0,1.0,499.0
NE,NANCE,4,895.0,4.0,895.0
NE,NEMAHA,3,1136.0,3.0,1136.0
NE,NUCKOLLS,2,998.0,2.0,998.0
NE,POLK,6,1550.0,6.0,1550.0
NE,RED WILLOW,4,552.0,4.0,552.0
NE,SARPY,7,47789.0,7.0,47789.0
NE,SAUNDERS,1,499.0,1.0,499.0
NE,THURSTON,4,1996.0,4.0,1996.0
NE,WHEELER,1,120.0,1.0,120.0
NE,YORK,5,1737.0,5.0,1737.0
NH,BELKNAP,68,721342.65,35.0,130860.0
NH,CARROLL,39,121700.1,21.0,91498.0
NH,CHESHIRE,10,2102.0,10.0,2102.0
NH,COOS,634,80500.53,33.0,62942.69
NH,GRAFTON,231,431407.79000000004,43.0,111882.58
NH,HILLSBOROUGH,109,197982.09,104.0,74216.0
NH,MERRIMACK,347,1011259.73,96.0,254040.15
NH,ROCKINGHAM,3539,5791839.2,139.0,964595.74
NH,STRAFFORD,64,433038.78,44.0,103974.0
NH,SULLIVAN,16,4374.0,16.0,4374.0
NJ,ATLANTIC,643,12499.38,36.0,9661.0
NJ,BERGEN,78,358097.51999999996,43.0,156552.0
NJ,BURLINGTON,238,286938.66000000003,56.0,111192.0
NJ,CAMDEN,62,21191.0,62.0,21191.0
NJ,CAPE MAY,548,3100953.07,28.0,1168657.0
NJ,CUMBERLAND,14,6264.0,14.0,6264.0
NJ,ESSEX,8563,2864312.67,300.0,1355481.42
NJ,GLOUCESTER,18,2484.0,18.0,2484.0
NJ,HUDSON,189,87452.0,189.0,87452.0
NJ,HUNTERDON,21,10479.0,21.0,10479.0
NJ,MERCER,47,10818.0,47.0,10818.0
NJ,MIDDLESEX,37,37188.0,37.0,37188.0
NJ,MONMOUTH,3372,12753645.28,175.0,2899697.12
NJ,MORRIS,89,92737.0,89.0,92737.0
NJ,OCEAN,6892,4129449.86,159.0,1980599.1
NJ,PASSAIC,61,173829.0,59.0,24929.0
NJ,SALEM,5,690.0,5.0,690.0
NJ,UNION,36,6984.0,36.0,6984.0
NM,BERNALILLO,1496,3419086.15,294.0,3116954.15
NM,CATRON,1333,804505.85,2.0,276.0
NM,CHAVES,4,830069.0,4.0,830069.0
NM,CIBOLA,76,715934.75,2.0,683000.0
NM,COLFAX,27,1229.82,0.0,0.0
NM,CURRY,2,467500.0,2.0,467500.0
NM,DONA ANA,324,1435619.87,49.0,1160408.69
NM,EDDY,2,743000.0,1.0,733000.0
NM,GRANT,1,65070.0,1.0,65070.0
NM,GUADALUPE,2,152648.0,1.0,41253.0
NM,HARDING,52,41.99,0.0,0.0
NM,LEA,175,898227.63,6.0,867685.0
NM,LINCOLN,9,1108648.0,3.0,783000.0
NM,LUNA,5,733552.0,5.0,733552.0
NM,MCKINLEY,44,791436.17,2.0,780989.0
NM,OTERO,59,537499.54,2.0,459069.0
NM,RIO ARRIBA,105,1221092.0,9.0,1088804.0
NM,ROOSEVELT,100,462995.48,4.0,122989.0
NM,SAN JUAN,1292,2926969.88,8.0,2760649.0
NM,SAN MIGUEL,2,25676.0,0.0,0.0
NM,SANDOVAL,52,812655.46,1.0,733000.0
NM,SANTA FE,1975,3812027.97,44.0,2120572.0
NM,SIERRA,30,46286.92,6.0,45427.1
NM,TAOS,243,215620.51,0.0,0.0
NM,TORRANCE,126,289308.55,4.0,119722.0
NM,UNION,1968,618645.4,10.0,77870.69
NM,VALENCIA,73,1761155.4,14.0,1719781.0
NV,CARSON CITY,44,748563.71,31.0,747970.0
NV,CHURCHILL,3,87058.0,2.0,78104.0
NV,CLARK,3454,1575203.37,71.0,539077.0
NV,DOUGLAS,114,123253.95,36.0,15377.49
NV,ELKO,230,888297.49,28.0,835909.86
NV,HUMBOLDT,5,659996.0,5.0,659996.0
NV,LANDER,3,414.0,3.0,414.0
NV,LINCOLN,10,7669.86,10.0,7669.86
NV,LYON,1017,975448.2699999999,6.0,799716.49
NV,MINERAL,4,328.0,0.0,0.0
NV,NYE,85,116757.58,85.0,116757.58
NV,PERSHING,3,1497.0,3.0,1497.0
NV,WASHOE,4775,639875.84,131.0,281102.56
NV,WHITE PINE,2,6655.86,2.0,6655.86
NY,ALBANY,188,4266391.82,154.0,2293789.0
NY,ALLEGANY,16,115479.55,11.0,115186.0
NY,BROOME,30,804583.4199999999,18.0,557514.0
NY,CAYUGA,20,72520.35,4.0,552.0
NY,CHEMUNG,27,49784.97,1.0,47069.0
NY,CHENANGO,6,51274.0,6.0,51274.0
NY,CLINTON,21,1380714.0899999999,5.0,859500.0
NY,DELAWARE,4,96254.0,4.0,96254.0
NY,DUTCHESS,4,552.0,4.0,552.0
NY,ERIE,13,973332.12,10.0,765697.0
NY,ESSEX,18,219484.0,10.0,219156.0
NY,FRANKLIN,60,235920.37,2.0,57989.0
NY,FULTON,1,25000.0,1.0,25000.0
NY,HAMILTON,5,77858.64,2.0,72989.0
NY,HERKIMER,105,353528.77999999997,11.0,336535.0
NY,JEFFERSON,4,795778.0,3.0,760569.0
NY,LEWIS,7,26189.0,7.0,26189.0
NY,LIVINGSTON,3,48067.0,3.0,48067.0
NY,MADISON,160,251268.62,4.0,39855.0
NY,MONROE,17,155563.58000000002,3.0,155467.0
NY,MONTGOMERY,2,8600.0,2.0,8600.0
NY,NASSAU,2386,4038492.51,25.0,1064433.7
NY,NEW YORK,2,270470.0,1.0,65070.0
NY,NIAGARA,6,48694.0,6.0,48694.0
NY,ONEIDA,96,229730.79,12.0,211419.0
NY,ONONDAGA,937,806156.27,4.0,758278.0
NY,ORANGE,708,1443895.45,27.0,596018.0
NY,ORLEANS,2,65500.0,1.0,55500.0
NY,OSWEGO,6,107483.0,6.0,107483.0
NY,OTSEGO,631,233311.58,8.0,137829.0
NY,PUTNAM,1,65070.0,1.0,65070.0
NY,QUEENS,1,3065.0,0.0,0.0
NY,RENSSELAER,59,61854.46,1.0,55500.0
NY,ROCKLAND,39,159534.0,39.0,159534.0
NY,ST LAWRENCE,1,47989.0,1.0,47989.0
NY,SARATOGA,2,998.0,2.0,998.0
NY,SCHUYLER,11,47949.0,5.0,47621.0
NY,SENECA,4,1996.0,4.0,1996.0
NY,STEUBEN,34,739328.0,9.0,739328.0
NY,SUFFOLK,744,1822834.3399999999,36.0,1026571.0
NY,SULLIVAN,18,50585.68,10.0,50116.0
NY,TIOGA,28,48212.43,1.0,47989.0
NY,TOMPKINS,2,100222.0,2.0,100222.0
NY,ULSTER,288,232532.8,8.0,209992.11
NY,WARREN,24,762827.64,3.0,761489.0
NY,WASHINGTON,11,4406.0,11.0,4406.0
NY,WESTCHESTER,10414,3293285.62,26.0,1005396.0
NY,WYOMING,1,47069.0,1.0,47069.0
NY,YATES,1,25000.0,1.0,25000.0
OH,ADAMS,53,168163.33,3.0,167639.0
OH,ALLEN,23751,8870859.59,284.0,635939.05
OH,ASHLAND,23,62120.97,14.0,59713.0
OH,ASHTABULA,6421,752923.12,94.0,559448.47
OH,ATHENS,1070,540578.21,28.0,242000.0
OH,AUGLAIZE,1763,2051705.2,22.0,54382.0
OH,BELMONT,91,265521.27,54.0,263349.0
OH,BROWN,35,6401.8099999999995,12.0,4442.1
OH,BUTLER,103,177887.65,97.0,175711.1
OH,CARROLL,419,123870.51,30.0,26067.18
OH,CHAMPAIGN,19,61118.26,13.0,60766.0
OH,CLARK,145,112794.43,13.0,108083.0
OH,CLERMONT,65,103285.03,41.0,89601.0
OH,CLINTON,1,138.0,1.0,138.0
OH,COLUMBIANA,45,41902.94,29.0,13334.0
OH,COSHOCTON,48,524721.36,31.0,523588.0
OH,CRAWFORD,52,94712.1,42.0,94125.0
OH,CUYAHOGA,7719,865622.2,383.0,475414.01
OH,DARKE,132,71154.65,25.0,5707.0
OH,DEFIANCE,32,5645.0,30.0,5585.0
OH,DELAWARE,1253,124010.55,38.0,40733.0
OH,ERIE,83,155837.3,41.0,121940.0
OH,FAIRFIELD,3289,544679.08,92.0,388776.06
OH,FAYETTE,24,7807.0,24.0,7807.0
OH,FRANKLIN,21547,4858830.16,2324.0,1161973.0
OH,FULTON,28,78347.05,23.0,76899.0
OH,GALLIA,508,726461.76,30.0,307621.0
OH,GEAUGA,698,198954.62,30.0,12443.0
OH,GREENE,31,84203.7,30.0,71270.0
OH,GUERNSEY,14,28801.42,12.0,28684.0
OH,HAMILTON,758,107463.67,256.0,90911.36
OH,HANCOCK,100,2746.41,4.0,1996.0
OH,HARDIN,859,487817.51999999996,46.0,299631.0
OH,HARRISON,28,4876.0,28.0,4876.0
OH,HENRY,15,6243.42,13.0,6126.0
OH,HIGHLAND,31,10344.1,21.0,9757.0
OH,HOCKING,309,221564.26,38.0,176851.0
OH,HOLMES,7,3132.0,7.0,3132.0
OH,HURON,1120,483464.52999999997,21.0,117918.0
OH,JACKSON,370,208362.05,23.0,180455.0
OH,JEFFERSON,90,354398.33999999997,60.0,282729.0
OH,KNOX,1430,69082.51000000001,29.0,31714.0
OH,LAKE,125,147307.86,107.0,146282.0
OH,LAWRENCE,55,76053.53,20.0,6009.0
OH,LICKING,883,321830.88,52.0,73790.4
OH,LOGAN,109,369756.88,21.0,144242.0
OH,LORAIN,55,1324456.0,55.0,1324456.0
OH,LUCAS,196,336501.0,194.0,334292.0
OH,MADISON,132,26309.07,108.0,24697.0
OH,MAHONING,1081,451113.58,93.0,376718.0
OH,MARION,12,5988.0,12.0,5988.0
OH,MEDINA,404,2290625.41,60.0,233841.8
OH,MEIGS,58,143742.6,5.0,133894.0
OH,MERCER,155,69305.31,21.0,11109.0
OH,MIAMI,19,7457.42,17.0,7340.0
OH,MONROE,8,628.26,2.0,276.0
OH,MONTGOMERY,353,154310.86000000002,197.0,60042.0
OH,MORGAN,4,234.84,0.0,0.0
OH,MORROW,593,171628.57,3.0,1497.0
OH,MUSKINGUM,29,159160.17,16.0,6865.0
OH,NOBLE,10,2337.0,10.0,2337.0
OH,OTTAWA,671,949071.54,64.0,273540.0
OH,PAULDING,3,360.0,3.0,360.0
OH,PERRY,302,69584.95,10.0,52049.0
OH,PICKAWAY,6166,1568304.05,98.0,852093.6
OH,PIKE,7,49312.0,7.0,49312.0
OH,PORTAGE,526,383951.2,87.0,374048.0
OH,PREBLE,13,2603.13,10.0,2427.0
OH,PUTNAM,651,145016.99,26.0,82925.0
OH,RICHLAND,92,28367.3,62.0,26606.0
OH,ROSS,414,99081.57,15.0,1800.0
OH,SANDUSKY,542,22490.91,26.0,5917.0
OH,SCIOTO,2,998.0,2.0,998.0
OH,SENECA,714,274268.02,61.0,41687.2
OH,SHELBY,17,70399.0,17.0,70399.0
OH,STARK,4734,1871374.24,377.0,1475365.05
OH,SUMMIT,1129,247341.75999999998,190.0,201744.1
OH,TRUMBULL,3793,1901177.3,139.0,154303.28
OH,TUSCARAWAS,482,958918.67,40.0,53105.4
OH,UNION,125,103215.4,43.0,102775.0
OH,VINTON,16,4742.84,12.0,4508.0
OH,WARREN,67,21594.1,57.0,21007.0
OH,WASHINGTON,19,4716.0,19.0,4716.0
OH,WAYNE,29,249214.55000000002,24.0,248921.0
OH,WILLIAMS,235,233413.81,87.0,187220.0
OH,WOOD,235,1257692.4200000002,62.0,777610.5
OH,WYANDOT,17,50089.0,17.0,50089.0
OK,ADAIR,4,498.0,4.0,498.0
OK,ATOKA,18,1096.95,3.0,216.3
OK,BEAVER,2,178.71,1.0,120.0
OK,BECKHAM,1,733000.0,1.0,733000.0
OK,BRYAN,21,448174.0,4.0,447834.0
OK,CADDO,303,114769.26,20.0,94975.42
OK,CANADIAN,86,815145.0,85.0,801146.0
OK,CARTER,1,733000.0,1.0,733000.0
OK,CHEROKEE,34,476335.0,32.0,476335.0
OK,CIMARRON,7,991.84,3.0,757.0
OK,CLEVELAND,65,800857.55,60.0,800564.0
OK,COAL,6,1673.13,3.0,1497.0
OK,COMANCHE,165,1552773.8599999999,25.0,1141379.0
OK,CRAIG,51,88845.91,30.0,87613.0
OK,CREEK,34,91315.13,31.0,91139.0
OK,CUSTER,10,789268.4,10.0,789268.4
OK,DELAWARE,3,25117.42,1.0,25000.0
OK,DEWEY,2,50000.0,2.0,50000.0
OK,ELLIS,15,1486.26,9.0,1134.0
OK,GARFIELD,36,161016.26,29.0,48151.0
OK,GARVIN,1,41253.0,1.0,41253.0
OK,GRADY,44,825594.2,23.0,810421.0
OK,GRANT,6,774.0,6.0,774.0
OK,HUGHES,7,25352.26,1.0,25000.0
OK,JACKSON,9,658960.0,9.0,658960.0
OK,JEFFERSON,1,41253.0,1.0,41253.0
OK,JOHNSTON,8,825.55,3.0,532.0
OK,LATIMER,2,637.0,2.0,637.0
OK,LE FLORE,31,8283.23,18.0,7520.0
OK,LINCOLN,20,137467.0,20.0,137467.0
OK,LOGAN,49,743236.0,28.0,736348.0
OK,MAJOR,10,893.55,5.0,600.0
OK,MAYES,5,57496.0,5.0,57496.0
OK,MCCLAIN,36,101013.16,8.0,92283.0
OK,MCCURTAIN,114,92106.9,30.0,27606.76
OK,MURRAY,9,1080.0,9.0,1080.0
OK,MUSKOGEE,11588,1541310.1400000001,100.0,882384.0
OK,NOBLE,3,1497.0,3.0,1497.0
OK,OKFUSKEE,5,600.0,5.0,600.0
OK,OKLAHOMA,13234,4570810.96,1145.0,4368427.91
OK,OKMULGEE,148,181314.14,73.0,177435.0
OK,OSAGE,16,1429.68,8.0,960.0
OK,OTTAWA,2,54424.0,1.0,25000.0
OK,PAWNEE,1,41253.0,1.0,41253.0
OK,PAYNE,18,1425411.44,7.0,1397849.0
OK,PITTSBURG,170,1216515.53,23.0,1214788.0
OK,PONTOTOC,118,1123119.18,67.0,1104772.0
OK,POTTAWATOMIE,202,1425033.51,61.0,1154691.4
OK,ROGER MILLS,2,240.0,2.0,240.0
OK,ROGERS,12,1440.0,12.0,1440.0
OK,SEMINOLE,10,116642.55,3.0,94276.0
OK,SEQUOYAH,5,141253.0,5.0,141253.0
OK,STEPHENS,107,1157212.49,13.0,1115916.62
OK,TEXAS,18,2268.0,18.0,2268.0
OK,TULSA,265,1598134.71,24.0,1530862.0
OK,WASHINGTON,27,747269.0,1.0,733000.0
OK,WOODS,5,25498.0,5.0,25498.0
OK,WOODWARD,4,808000.0,4.0,808000.0
OR,BAKER,128,665858.3300000001,1.0,658000.0
OR,CLACKAMAS,568,805319.4,53.0,781271.0
OR,CLATSOP,21,55605.0,21.0,55605.0
OR,COLUMBIA,26,68143.0,25.0,32067.0
OR,COOS,26,124002.0,22.0,8704.0
OR,CURRY,13,85013.41,2.0,69722.0
OR,DESCHUTES,1005,253322.23,45.0,215602.0
OR,DOUGLAS,23,11098.0,23.0,11098.0
OR,GILLIAM,1,138.0,1.0,138.0
OR,GRANT,1,138.0,1.0,138.0
OR,JOSEPHINE,43,361441.0,43.0,361441.0
OR,KLAMATH,570,369425.81,70.0,263773.0
OR,LANE,2267,2422555.84,79.0,2006687.18
OR,LINCOLN,12,5266.0,12.0,5266.0
OR,MALHEUR,8,93064.0,8.0,93064.0
OR,MARION,168,77444.78,148.0,64303.0
OR,MORROW,202,68935.45,6.0,66437.0
OR,MULTNOMAH,44,13292.0,44.0,13292.0
OR,POLK,2707,1165057.0,36.0,713895.49
OR,SHERMAN,2,998.0,2.0,998.0
OR,TILLAMOOK,5,690.0,5.0,690.0
OR,UMATILLA,15,77982.0,14.0,6986.0
OR,UNION,2,276.0,2.0,276.0
OR,WALLOWA,59,52429.799999999996,14.0,37699.1
OR,WASHINGTON,35,9162.0,35.0,9162.0
OR,WHEELER,11,5128.0,11.0,5128.0
OR,YAMHILL,4,26905.89,1.0,25000.0
PA,ADAMS,6,1099.0,6.0,1099.0
PA,ALLEGHENY,569,1112908.9100000001,74.0,1078961.1099999999
PA,ARMSTRONG,2,998.0,2.0,998.0
PA,BEAVER,5,1358.0,5.0,1358.0
PA,BERKS,20,72987.0,17.0,6064.0
PA,BLAIR,22765,1040257.75,196.0,802878.09
PA,BRADFORD,1,66568.0,0.0,0.0
PA,BUCKS,200,22765.64,43.0,11149.49
PA,CAMBRIA,2,697.0,0.0,0.0
PA,CARBON,25,1107.31,2.0,998.0
PA,CHESTER,26,4054.08,1.0,499.0
PA,CLARION,2,998.0,2.0,998.0
PA,CLEARFIELD,5,1102.0,5.0,1102.0
PA,COLUMBIA,24,907.62,3.0,739.0
PA,CRAWFORD,1,120.0,1.0,120.0
PA,CUMBERLAND,361,16012.92,18.0,4055.0
PA,DAUPHIN,4905,160821.81,94.0,127724.0
PA,DELAWARE,22,758019.83,2.0,758000.0
PA,FAYETTE,101,733031.91,1.0,733000.0
PA,FOREST,8,489.31,4.0,480.0
PA,FRANKLIN,2,6414.0,0.0,0.0
PA,HUNTINGDON,4,234.84,0.0,0.0
PA,LACKAWANNA,41,68782.62,11.0,65557.0
PA,LANCASTER,467,11863.05,13.0,3455.0
PA,LEBANON,104,4895.02,10.0,1236.0
PA,LEHIGH,22,2271.0,10.0,1615.0
PA,LUZERNE,48,2400.31,7.0,2049.0
PA,LYCOMING,150,31.91,0.0,0.0
PA,MCKEAN,4,552.0,4.0,552.0
PA,MONROE,1,244844.0,1.0,244844.0
PA,MONTGOMERY,241,983843.8200000001,14.0,983110.0
PA,NORTHUMBERLAND,20,1527.62,2.0,826.0
PA,PHILADELPHIA,7445,471735.46,468.0,102351.66
PA,PIKE,2,240.0,2.0,240.0
PA,SCHUYLKILL,49,1981.62,4.0,1635.0
PA,SOMERSET,25,9.31,0.0,0.0
PA,SULLIVAN,8,714.84,4.0,480.0
PA,SUSQUEHANNA,100,31.91,0.0,0.0
PA,VENANGO,13,66510.0,13.0,66510.0
PA,WAYNE,212,5261.91,12.0,5230.0
PA,WESTMORELAND,206,1577.82,6.0,1514.0
PA,WYOMING,127,23732.26,0.0,0.0
PA,YORK,64,3081.31,22.0,2730.0
PR,AGUADA,33,734976.92,3.0,78493.0
PR,AGUADILLA,277,1253854.5,9.0,293047.0
PR,ARECIBO,107,1734416.53,12.0,399661.0
PR,BARCELONETA,372,1359036.8,10.0,311958.0
PR,CABO ROJO,4,50257.18,1.0,39052.0
PR,CAGUAS,10,351160.0,6.0,195978.0
PR,CAMUY,6,195978.0,6.0,195978.0
PR,CANOVANAS,18,319178.11,5.0,121558.0
PR,CAROLINA,33,685746.39,9.0,308019.0
PR,CEIBA,21,363496.07999999996,6.0,241956.0
PR,DORADO,2,72455.0,2.0,72455.0
PR,GUANICA,3,75000.0,3.0,75000.0
PR,GUAYAMA,84,543572.39,6.0,218047.0
PR,GUAYANILLA,8,318001.0,7.0,243967.0
PR,GUAYNABO,5,157045.11,3.0,128294.0
PR,HORMIGUEROS,10,439522.4,1.0,39052.0
PR,HUMACAO,108,867881.29,4.0,145978.0
PR,ISABELA,51,758353.1,5.0,164242.0
PR,JAYUYA,1,74834.0,0.0,0.0
PR,JUANA DIAZ,2,50000.0,2.0,50000.0
PR,JUNCOS,44,636318.38,7.0,258408.0
PR,LAJAS,279,3156186.68,7.0,242201.0
PR,LARES,33,1418906.5,7.0,220978.0
PR,LAS PIEDRAS,15,563491.0,1.0,47989.0
PR,MANATI,21,726280.27,5.0,125000.0
PR,MARICAO,8,292313.0,1.0,47989.0
PR,MAYAGUEZ,5,91554.0,2.0,50000.0
PR,MOCA,19,229697.64,3.0,135419.0
PR,PATILLAS,15,564449.91,1.0,47989.0
PR,PONCE,171,1701619.58,13.0,554890.0
PR,QUEBRADILLAS,53,1500374.49,7.0,237231.0
PR,RIO GRANDE,14,520106.54,0.0,0.0
PR,SALINAS,666,1249157.26,11.0,463962.0
PR,SAN GERMAN,7,104491.0,4.0,100000.0
PR,SAN JUAN,2186,2333113.6,39.0,994353.0
PR,SAN SEBASTIAN,52,431679.24,7.0,252053.0
PR,SANTA ISABEL,66,1546831.82,7.0,283209.0
PR,TOA ALTA,29,820259.11,6.0,206787.0
PR,TOA BAJA,10,1077803.0,4.0,763268.0
PR,TRUJILLO ALTO,38,983597.27,7.0,329187.0
PR,UTUADO,47,636894.37,8.0,268047.0
PR,VEGA BAJA,62,2409090.54,13.0,576959.0
PR,VIEQUES,74,1344990.94,6.0,235220.0
PR,VILLALBA,9,344722.0,0.0,0.0
PR,YABUCOA,175,2603740.28,10.0,78493.0
RI,BRISTOL,62,78273.18,19.0,76790.0
RI,KENT,2516,1095972.59,244.0,442524.17
RI,NEWPORT,46,156028.0,28.0,155700.0
RI,PROVIDENCE,16554,2925403.17,336.0,1389771.97
RI,WASHINGTON,236,383471.47,36.0,145669.0
SC,AIKEN,8111,2028405.6,63.0,1250659.0
SC,ALLENDALE,4,734497.0,4.0,734497.0
SC,ANDERSON,232,711377.55,21.0,312636.0
SC,BARNWELL,5,600.0,5.0,600.0
SC,BEAUFORT,17,5523.0,17.0,5523.0
SC,BERKELEY,41,9913.0,31.0,9585.0
SC,CALHOUN,7,102831.0,6.0,61009.0
SC,CHARLESTON,877,1393306.52,150.0,1195912.0
SC,CHEROKEE,4,1941.28,3.0,1497.0
SC,CHESTER,2,41752.0,2.0,41752.0
SC,CHESTERFIELD,2394,654481.84,33.0,115004.98000000001
SC,CLARENDON,446,329873.27,25.0,119379.0
SC,COLLETON,34,109434.86,10.0,6655.86
SC,DARLINGTON,2498,7132656.18,118.0,1371597.55
SC,DILLON,10188,2286181.84,108.0,211314.21
SC,EDGEFIELD,31,5615.0,31.0,5615.0
SC,FAIRFIELD,377,20192.29,4.0,480.0
SC,FLORENCE,4002,1807444.5899999999,192.0,1174553.18
SC,GEORGETOWN,42,255812.0,9.0,244746.0
SC,GREENVILLE,294,435059.45,19.0,297791.0
SC,GREENWOOD,18,2232.0,18.0,2232.0
SC,HAMPTON,36,1789869.43,8.0,50720.0
SC,HORRY,1784,1149086.26,25.0,129262.69
SC,JASPER,10,1380.0,10.0,1380.0
SC,KERSHAW,852,254049.53,26.0,85462.2
SC,LANCASTER,114,10676.55,25.0,8143.0
SC,LEE,19,2280.0,19.0,2280.0
SC,LEXINGTON,1866,1599563.45,115.0,1289168.3199999998
SC,MARION,1846,1268050.47,90.0,1182613.42
SC,MARLBORO,5,600.0,5.0,600.0
SC,MCCORMICK,2,258.0,2.0,258.0
SC,NEWBERRY,311,1147809.5899999999,60.0,1120376.0
SC,OCONEE,265,1108139.07,76.0,835154.38
SC,ORANGEBURG,33,422734.0,33.0,422734.0
SC,PICKENS,244,197023.42,24.0,196988.0
SC,RICHLAND,2902,14866365.690000001,282.0,4033868.32
SC,SALUDA,8,50720.0,8.0,50720.0
SC,SPARTANBURG,159,6490968.96,19.0,1326220.25
SC,SUMTER,48,786703.0,48.0,786703.0
SC,UNION,13,4213.0,13.0,4213.0
SC,YORK,34,165745.0,34.0,165745.0
SD,BEADLE,63,32444.9,8.0,1104.0
SD,BENNETT,5,1773.0,5.0,1773.0
SD,BON HOMME,13,6487.0,13.0,6487.0
SD,BROOKINGS,10,4990.0,10.0,4990.0
SD,BROWN,14,6625.0,14.0,6625.0
SD,BRULE,7,966.0,7.0,966.0
SD,CHARLES MIX,5,690.0,5.0,690.0
SD,CLARK,26,2079.79,10.0,2065.69
SD,CLAY,3,1136.0,3.0,1136.0
SD,CORSON,7,2771.0,7.0,2771.0
SD,CUSTER,180,100840.11,12.0,55988.62
SD,DEUEL,5,1412.0,5.0,1412.0
SD,DEWEY,15,3100.99,3.0,1497.0
SD,DOUGLAS,1,138.0,1.0,138.0
SD,EDMUNDS,1,172193.0,1.0,172193.0
SD,FALL RIVER,76,16871.16,0.0,0.0
SD,FAULK,2,998.0,2.0,998.0
SD,GREGORY,3,1497.0,3.0,1497.0
SD,HAMLIN,3,414.0,3.0,414.0
SD,HAND,3,414.0,3.0,414.0
SD,HUGHES,1086,833084.25,344.0,802418.0
SD,HUTCHINSON,2,276.0,2.0,276.0
SD,JACKSON,4,675.13,1.0,499.0
SD,JERAULD,1,138.0,1.0,138.0
SD,KINGSBURY,5,690.0,5.0,690.0
SD,LAWRENCE,125,40182.86,22.0,8090.0
SD,LINCOLN,6,2212.0,6.0,2212.0
SD,LYMAN,5,1412.0,5.0,1412.0
SD,MARSHALL,7,1688.0,7.0,1688.0
SD,MEADE,1,499.0,1.0,499.0
SD,MELLETTE,1,499.0,1.0,499.0
SD,MINNEHAHA,18,496950.0,18.0,496950.0
SD,PENNINGTON,3,1554.0,3.0,1554.0
SD,PERKINS,7,3493.0,7.0,3493.0
SD,POTTER,3,414.0,3.0,414.0
SD,SANBORN,2,276.0,2.0,276.0
SD,SPINK,10,3964.0,10.0,3964.0
SD,STANLEY,3,1136.0,3.0,1136.0
SD,TURNER,4,552.0,4.0,552.0
SD,UNION,4,1996.0,4.0,1996.0
SD,WALWORTH,1,138.0,1.0,138.0
SD,YANKTON,111,19232.31,19.0,6868.0
SD,ZIEBACH,3,1578.0,2.0,998.0
TN,ANDERSON,199,99469.81,21.0,30682.0
TN,BEDFORD,789,57819.35,1.0,47989.0
TN,BENTON,317,682659.02,12.0,134116.0
TN,BLEDSOE,5,2495.0,5.0,2495.0
TN,BLOUNT,25,54049.0,25.0,54049.0
TN,BRADLEY,151,239173.26,45.0,232950.0
TN,CAMPBELL,8,67435.0,8.0,67435.0
TN,CANNON,135,88339.84,2.0,88322.0
TN,CARROLL,138,810130.42,54.0,158066.0
TN,CARTER,46,74915.59999999999,36.0,74019.9
TN,CHEATHAM,51,1325696.97,8.0,131413.0
TN,CHESTER,2,998.0,2.0,998.0
TN,CLAIBORNE,22,136066.0,22.0,136066.0
TN,CLAY,206,681520.3,4.0,107990.0
TN,COCKE,3,1718.0,3.0,1718.0
TN,COFFEE,4117,2607119.17,49.0,206061.6
TN,DAVIDSON,862,4145043.89,443.0,3180641.0
TN,DECATUR,659,4736336.03,34.0,663614.0
TN,DE KALB,14,51656.0,14.0,51656.0
TN,DICKSON,1101,693002.37,38.0,317288.77
TN,DYER,40,1146843.37,7.0,866026.0
TN,FAYETTE,26,129532.0,26.0,129532.0
TN,FENTRESS,598,2439863.31,7.0,198710.0
TN,FRANKLIN,804,742379.4,37.0,124483.5
TN,GIBSON,185,1506745.51,28.0,324387.2
TN,GILES,4,736.4200000000001,2.0,619.0
TN,GRAINGER,97,580012.81,34.0,344819.0
TN,GREENE,14,249526.0,14.0,249526.0
TN,GRUNDY,8,200519.0,6.0,114717.0
TN,HAMBLEN,16,7984.0,16.0,7984.0
TN,HAMILTON,27,54342.0,27.0,54342.0
TN,HANCOCK,13,1643.81,2.0,998.0
TN,HARDEMAN,68,256231.26,14.0,231963.0
TN,HARDIN,11,23550.0,10.0,4990.0
TN,HAWKINS,202,446081.15,25.0,230289.0
TN,HAYWOOD,20,2760.0,20.0,2760.0
TN,HENDERSON,10,4629.0,10.0,4629.0
TN,HENRY,247,3135942.23,21.0,175078.24
TN,HICKMAN,92,594057.6799999999,41.0,295294.0
TN,HOUSTON,116,2142593.87,4.0,69998.0
TN,HUMPHREYS,599,1669421.68,35.0,261010.0
TN,JACKSON,28,174718.39,6.0,70274.0
TN,JEFFERSON,673,164192.94,23.0,105725.0
TN,JOHNSON,2,998.0,2.0,998.0
TN,KNOX,3085,2214809.18,555.0,1983757.77
TN,LAKE,1,58.71,0.0,0.0
TN,LAUDERDALE,4,600.0,0.0,0.0
TN,LAWRENCE,59,375500.83,22.0,95471.0
TN,LEWIS,82,147465.11,16.0,2154.0
TN,LINCOLN,44,281195.0,28.0,168000.0
TN,LOUDON,199,2675700.36,43.0,1105143.5
TN,MACON,6,828.0,6.0,828.0
TN,MADISON,117,328702.0,117.0,328702.0
TN,MARION,6,792.55,1.0,499.0
TN,MARSHALL,3241,2374971.73,66.0,1101656.1
TN,MAURY,1411,525318.01,83.0,246157.0
TN,MCMINN,182,51175.12,110.0,46948.0
TN,MCNAIRY,753,1870347.41,13.0,196756.0
TN,MEIGS,79,153870.29,6.0,146579.56
TN,MONROE,102,1441998.57,45.0,639594.0
TN,MONTGOMERY,52,1114601.3,13.0,157767.0
TN,MOORE,1695,1234118.69,40.0,161114.38
TN,MORGAN,32,217616.95,2.0,102955.0
TN,OBION,4,35360.0,4.0,35360.0
TN,OVERTON,3948,9492590.879999999,76.0,588282.83
TN,PERRY,436,1964219.56,54.0,411565.69
TN,PICKETT,93,839559.22,6.0,114434.0
TN,POLK,4,552.0,4.0,552.0
TN,PUTNAM,857,2595713.01,65.0,1104290.0
TN,RHEA,5,1773.0,5.0,1773.0
TN,ROANE,1639,2725822.16,51.0,936440.0
TN,ROBERTSON,16,424855.0,12.0,158615.0
TN,RUTHERFORD,563,2160149.83,74.0,1390353.0
TN,SCOTT,143,745741.64,10.0,735994.0
TN,SEQUATCHIE,115,178225.32,32.0,177267.59
TN,SEVIER,689,492147.4,54.0,123540.70000000001
TN,SHELBY,183,497914.55,176.0,77621.0
TN,SMITH,67,984349.5,29.0,790910.0
TN,STEWART,276,1758720.78,11.0,702368.0
TN,SULLIVAN,19,3914.0,16.0,2930.0
TN,SUMNER,314,2628911.04,109.0,2009627.0
TN,TIPTON,77,172237.76,59.0,153808.0
TN,UNICOI,1824,389324.16,6.0,150815.0
TN,UNION,8,1032.0,8.0,1032.0
TN,WARREN,27,16198.0,26.0,7198.0
TN,WASHINGTON,9627,5187974.99,151.0,2283092.88
TN,WAYNE,14,4820.0,14.0,4820.0
TN,WEAKLEY,22,57293.39,9.0,3769.0
TN,WHITE,98,727050.76,37.0,168562.0
TN,WILLIAMSON,105,927106.59,74.0,873503.0
TN,WILSON,4564,5404531.74,38.0,1357688.1600000001
TX,ANDERSON,34,736848.43,11.0,734272.0
TX,ANDREWS,12,1476.0,12.0,1476.0
TX,ANGELINA,1978,167120.63,55.0,54221.76
TX,ARCHER,2,55638.0,2.0,55638.0
TX,ARMSTRONG,2,276.0,2.0,276.0
TX,ATASCOSA,13,27992.0,13.0,27992.0
TX,AUSTIN,36,736929.55,31.0,736636.0
TX,BAILEY,2,637.0,2.0,637.0
TX,BANDERA,1,138.0,1.0,138.0
TX,BASTROP,2441,830945.69,99.0,706266.54
TX,BELL,798,245122.36,29.0,52811.0
TX,BEXAR,28730,818094.42,65.0,724493.38
TX,BLANCO,3,2877.54,0.0,0.0
TX,BORDEN,1,120.0,1.0,120.0
TX,BOSQUE,10,1326.0,10.0,1326.0
TX,BOWIE,132,473948.88,37.0,473621.05
TX,BRAZORIA,103,18923.0,28.0,3504.0
TX,BRAZOS,219,14089.57,56.0,13728.0
TX,BREWSTER,1,47069.0,1.0,47069.0
TX,BRISCOE,7,1811.13,4.0,1635.0
TX,BROWN,12,29964.760000000002,5.0,24138.0
TX,BURLESON,3,360.0,3.0,360.0
TX,BURNET,19,70327.26,13.0,69975.0
TX,CALDWELL,36,12098.55,31.0,11805.0
TX,CALHOUN,7,648.84,3.0,414.0
TX,CALLAHAN,3,360.0,3.0,360.0
TX,CAMERON,284,969752.21,45.0,662930.0
TX,CAMP,4,1274.0,4.0,1274.0
TX,CASS,97,746267.42,18.0,286943.0
TX,CHEROKEE,16,7623.0,16.0,7623.0
TX,CHILDRESS,1,120.0,1.0,120.0
TX,COLEMAN,2,637.0,2.0,637.0
TX,COLLIN,728,1969310.66,103.0,1179143.69
TX,COLORADO,52,572837.0,8.0,122549.0
TX,COMAL,612,1046895.98,5.0,758000.0
TX,COMANCHE,12,1440.0,12.0,1440.0
TX,COOKE,3,733258.0,3.0,733258.0
TX,CRANE,4,552.0,4.0,552.0
TX,CROSBY,17,87340.51000000001,2.0,50000.0
TX,DALLAM,276,128393.4,2.0,39561.0
TX,DALLAS,6059,2012640.26,221.0,1655654.0
TX,DE WITT,81,50404.14,13.0,48545.0
TX,DELTA,7,410.96999999999997,0.0,0.0
TX,DENTON,129,89454.34,75.0,75080.0
TX,DONLEY,4,275504.0,0.0,0.0
TX,DUVAL,11,136131.14,8.0,960.0
TX,EASTLAND,2315,6023857.41,37.0,270096.38
TX,ECTOR,211,749249.0,202.0,747217.0
TX,EL PASO,228606,4511902.51,2108.0,1287282.72
TX,ELLIS,180,560702.79,38.0,363858.0
TX,FALLS,20,328.0,0.0,0.0
TX,FANNIN,61,56076.35,5.0,39921.0
TX,FAYETTE,27,4103.23,14.0,3340.0
TX,FLOYD,6,363979.0,3.0,75000.0
TX,FOARD,4,50240.0,4.0,50240.0
TX,FORT BEND,20,4201.68,12.0,3732.0
TX,FRANKLIN,10,4990.0,10.0,4990.0
TX,FREESTONE,83,412576.32,47.0,339282.0
TX,GALVESTON,184,1957054.84,93.0,1594713.0
TX,GARZA,4,1635.0,4.0,1635.0
TX,GONZALES,37,28876.09,9.0,27548.0
TX,GRAY,3,414.0,3.0,414.0
TX,GRAYSON,2,276.0,2.0,276.0
TX,GREGG,615,787993.48,66.0,742548.81
TX,GRIMES,8,786.84,4.0,552.0
TX,GUADALUPE,83,4057.93,2.0,240.0
TX,HALE,338,56099.880000000005,22.0,50000.0
TX,HALL,207,618197.73,22.0,165337.15
TX,HANSFORD,88,216842.16999999998,12.0,191958.0
TX,HARDEMAN,4,358.28,0.0,0.0
TX,HARDIN,101,1005071.9,15.0,80125.0
TX,HARRIS,18223,10155122.4,375.0,2111028.43
TX,HARRISON,88,2644.97,0.0,0.0
TX,HARTLEY,2,66253.0,2.0,66253.0
TX,HAYS,6093,1514507.9000000001,178.0,911841.0700000001
TX,HENDERSON,872,1058794.09,34.0,255457.0
TX,HIDALGO,102301,4159273.42,421.0,1293372.24
TX,HILL,146,370092.07,38.0,61316.0
TX,HOOD,109,1027052.8,22.0,859920.0
TX,HOPKINS,8,6036.009999999999,0.0,0.0
TX,HUDSPETH,1,47069.0,1.0,47069.0
TX,HUNT,422,1208049.46,67.0,81326.0
TX,HUTCHINSON,9,41600.0,9.0,41600.0
TX,JACK,2,998.0,2.0,998.0
TX,JASPER,332,1284272.83,5.0,872444.0
TX,JEFF DAVIS,1,47069.0,1.0,47069.0
TX,JEFFERSON,1115,1133225.32,41.0,722450.0
TX,JOHNSON,749,912011.59,104.0,795771.17
TX,JONES,3,360.0,3.0,360.0
TX,KAUFMAN,35,7592.23,13.0,6487.0
TX,KENT,5,136814.0,3.0,134166.0
TX,KLEBERG,29,761902.71,25.0,760814.0
TX,KNOX,3,414.0,3.0,414.0
TX,LA SALLE,123,104651.45999999999,1.0,25000.0
TX,LAMB,2,276.0,2.0,276.0
TX,LAMPASAS,1,8960.0,0.0,0.0
TX,LAVACA,27,2717.1,17.0,2130.0
TX,LEE,14,6986.0,14.0,6986.0
TX,LIBERTY,4,393.42,2.0,276.0
TX,LIMESTONE,11,1428.0,11.0,1428.0
TX,LLANO,39,6119.68,31.0,5650.0
TX,LUBBOCK,81,417117.19,18.0,27256.0
TX,MADISON,11,5489.0,11.0,5489.0
TX,MARTIN,3,39328.0,3.0,39328.0
TX,MATAGORDA,244,18936.5,52.0,6330.0
TX,MAVERICK,13,48509.0,13.0,48509.0
TX,MCLENNAN,133,1878201.78,59.0,1632219.0
TX,MEDINA,96,9242.619999999999,6.0,1189.0
TX,MENARD,7,930.55,2.0,637.0
TX,MIDLAND,62,1047002.03,53.0,1042478.0
TX,MILLS,3,1136.0,3.0,1136.0
TX,MONTAGUE,544,2668799.94,31.0,197582.0
TX,MONTGOMERY,3971,2122617.08,119.0,830080.46
TX,MORRIS,18,4604.52,5.0,600.0
TX,MOTLEY,44,75745.23000000001,7.0,64670.0
TX,NACOGDOCHES,7,734911.0,7.0,734911.0
TX,NAVARRO,114,387580.87,12.0,27719.68
TX,NUECES,4,516.0,4.0,516.0
TX,ORANGE,16,146967.0,3.0,94722.0
TX,PALO PINTO,371,3130797.23,11.0,196086.62
TX,PANOLA,13,1614.0,13.0,1614.0
TX,PARKER,27,4306.2,7.0,3132.0
TX,PARMER,2,276.0,2.0,276.0
TX,PECOS,12433,4161548.69,50.0,996720.69
TX,POLK,30,83674.24,12.0,76080.0
TX,POTTER,40,9149.0,40.0,9149.0
TX,PRESIDIO,6,1445.0,0.0,0.0
TX,RANDALL,14,5181.0,14.0,5181.0
TX,RED RIVER,4,97676.0,2.0,78882.0
TX,REEVES,6,61.74,0.0,0.0
TX,REFUGIO,1368,968094.31,1.0,733000.0
TX,ROBERTSON,1,25000.0,1.0,25000.0
TX,ROCKWALL,10,4268.0,10.0,4268.0
TX,RUNNELS,11,4168.13,8.0,3992.0
TX,RUSK,113,4421.02,28.0,3504.0
TX,SABINE,3,414.0,3.0,414.0
TX,SAN JACINTO,2,258.0,2.0,258.0
TX,SAN PATRICIO,183,294492.23,7.0,111574.0
TX,SCHLEICHER,2,276.0,2.0,276.0
TX,SHACKELFORD,13,731831.96,6.0,720.0
TX,SHELBY,52,5388.78,34.0,4332.0
TX,SHERMAN,9,874.0,2.0,276.0
TX,SMITH,16,5365.42,12.0,5248.0
TX,STARR,223,137386.16,44.0,115267.0
TX,STEPHENS,53,23900.57,7.0,3114.0
TX,SUTTON,2,998.0,2.0,998.0
TX,SWISHER,3,414.0,3.0,414.0
TX,TARRANT,2881,1895836.95,150.0,1655698.92
TX,TAYLOR,56,271441.6,54.0,128403.6
TX,TERRELL,7,55583.24,1.0,47989.0
TX,TITUS,126,19612.34,41.0,5100.0
TX,TOM GREEN,14,4820.0,14.0,4820.0
TX,TRAVIS,6655,3666267.9899999998,937.0,2630045.1
TX,TRINITY,263,39822.57,12.0,3456.0
TX,TYLER,13580,4379397.53,73.0,354888.82
TX,UPSHUR,196,72970.14,0.0,0.0
TX,UVALDE,9,809.55,4.0,516.0
TX,VAL VERDE,67,14483.0,67.0,14483.0
TX,VAN ZANDT,30,288458.0,29.0,288458.0
TX,VICTORIA,691,1098251.38,26.0,656538.17
TX,WARD,2,50000.0,2.0,50000.0
TX,WEBB,1298,72021.07,2.0,47069.0
TX,WICHITA,15129,3403820.84,142.0,2373099.81
TX,WILLIAMSON,16803,3120102.2399999998,482.0,2249311.4299999997
TX,WISE,22,121452.13,19.0,121276.0
TX,WOOD,14,54622.92,12.0,53889.0
TX,YOUNG,296,247599.59999999998,30.0,221663.22
TX,ZAVALA,5,48541.0,5.0,48541.0
UT,BEAVER,2,276.0,2.0,276.0
UT,BOX ELDER,56,75842.0,56.0,75842.0
UT,CACHE,16,2064.0,16.0,2064.0
UT,CARBON,4,1996.0,4.0,1996.0
UT,DAVIS,96,82882.0,96.0,82882.0
UT,DUCHESNE,6,828.0,6.0,828.0
UT,GARFIELD,22,4244.0,0.0,0.0
UT,GRAND,4,1996.0,4.0,1996.0
UT,IRON,6,660134.0,6.0,660134.0
UT,JUAB,13,3098.0,13.0,3098.0
UT,KANE,8,1104.0,8.0,1104.0
UT,MILLARD,15,54441.0,15.0,54441.0
UT,MORGAN,2,276.0,2.0,276.0
UT,PIUTE,4,552.0,4.0,552.0
UT,RICH,4,534.0,4.0,534.0
UT,SALT LAKE,10654,607616.63,796.0,239913.34
UT,SAN JUAN,4,552.0,4.0,552.0
UT,SANPETE,15,3406.0,15.0,3406.0
UT,SEVIER,43,1617.48,0.0,0.0
UT,SUMMIT,4,1115.42,2.0,998.0
UT,TOOELE,23,3174.0,23.0,3174.0
UT,UTAH,151,46669.65,136.0,45789.0
UT,WASATCH,152,438983.54,17.0,438890.0
UT,WASHINGTON,269,228675.12,14.0,209058.0
UT,WEBER,603,13526.02,18.0,8982.0
VA,ALBEMARLE,2,998.0,2.0,998.0
VA,ALEXANDRIA CITY,31,56964.0,31.0,56964.0
VA,AMELIA,2,637.0,2.0,637.0
VA,AMHERST,402,67325.54000000001,42.0,48141.0
VA,ARLINGTON,2002,6472163.0,361.0,5229496.15
VA,AUGUSTA,15,9638.96,11.0,9310.96
VA,BATH,6,2493.0,6.0,2493.0
VA,BEDFORD,14,6264.0,14.0,6264.0
VA,BLAND,5,1773.0,5.0,1773.0
VA,BRISTOL,76,16441.81,31.0,10837.0
VA,BRUNSWICK,4,1996.0,4.0,1996.0
VA,BUCHANAN,41,47560.479999999996,22.0,32772.0
VA,BUCKINGHAM,6,6251.38,0.0,0.0
VA,CAMPBELL,12,5988.0,12.0,5988.0
VA,CAROLINE,1,460000.0,1.0,460000.0
VA,CARROLL,14,4820.0,14.0,4820.0
VA,CHARLES CITY,11,1320.0,11.0,1320.0
VA,CHARLOTTE,8,3631.0,8.0,3631.0
VA,CHARLOTTESVILLE CITY,207,551923.39,198.0,551395.0
VA,CHESAPEAKE CITY,59,13222.68,20.0,9980.0
VA,CHESTERFIELD,54,744683.69,29.0,133979.0
VA,CLARKE,6,97975.0,5.0,97475.0
VA,COVINGTON CITY,16,5367.0,16.0,5367.0
VA,CULPEPER,21,548000.0,21.0,548000.0
VA,CUMBERLAND,80,74022.57,22.0,73997.86
VA,DANVILLE CITY,40,2728.0,20.0,2400.0
VA,DICKENSON,1529,96019.32,13.0,4215.0
VA,DINWIDDIE,3,775.0,3.0,775.0
VA,ESSEX,7,38665.0,7.0,38665.0
VA,FAIRFAX,121,29640.059999999998,0.0,0.0
VA,FAIRFAX CITY,70,34930.0,70.0,34930.0
VA,FALLS CHURCH CITY,6,828.0,6.0,828.0
VA,FLUVANNA,8,2909.0,8.0,2909.0
VA,FRANKLIN,134,276334.45,57.0,112303.0
VA,FRANKLIN CITY,8,94325.95,2.0,94138.0
VA,FREDERICK,235,61284.2,27.0,38451.0
VA,GALAX CITY,7,2410.0,7.0,2410.0
VA,GILES,10,48499.0,10.0,48499.0
VA,GLOUCESTER,18,8260.0,18.0,8260.0
VA,GOOCHLAND,10,1080.0,10.0,1080.0
VA,GRAYSON,7,1327.0,7.0,1327.0
VA,GREENSVILLE,8,3992.0,8.0,3992.0
VA,HALIFAX,19,5430.71,18.0,5372.0
VA,HAMPTON CITY,119,34374.0,115.0,34374.0
VA,HANOVER,3,1497.0,3.0,1497.0
VA,HARRISONBURG CITY,154,16218.41,43.0,15089.0
VA,HENRICO,664,724504.9,16.0,210008.0
VA,HIGHLAND,2,276.0,2.0,276.0
VA,ISLE OF WIGHT,215,314980.22,32.0,136125.0
VA,JAMES CITY,89,19234.0,89.0,19234.0
VA,KING AND QUEEN,15,7485.0,15.0,7485.0
VA,KING GEORGE,17,129654.0,17.0,129654.0
VA,KING WILLIAM,20,4145.0,20.0,4145.0
VA,LANCASTER,1,138.0,1.0,138.0
VA,LOUDOUN,620,441707.26,17.0,298342.0
VA,LUNENBURG,36,9265.74,24.0,7843.0
VA,MADISON,8,707.55,3.0,414.0
VA,MANASSAS CITY,220,360423.64,20.0,84615.0
VA,MARTINSVILLE CITY,17,181629.0,3.0,181298.0
VA,MATHEWS,53,3659.3,3.0,1497.0
VA,MECKLENBURG,27,7481.0,27.0,7481.0
VA,MIDDLESEX,6,2633.0,6.0,2633.0
VA,MONTGOMERY,24,10532.0,24.0,10532.0
VA,NELSON,9,39712.15,1.0,39441.0
VA,NEW KENT,11,3905.0,11.0,3905.0
VA,NEWPORT NEWS CITY,104,45247.5,97.0,40461.0
VA,NORFOLK CITY,912,89801.36,23.0,59619.0
VA,NORTHAMPTON,1,55500.0,1.0,55500.0
VA,NOTTOWAY,15,3598.0,8.0,3270.0
VA,ORANGE,39,156759.85,22.0,143065.0
VA,PAGE,635,1060410.82,42.0,314432.0
VA,PATRICK,11,118598.0,9.0,100690.0
VA,PETERSBURG CITY,28,10934.0,28.0,10934.0
VA,PITTSYLVANIA,2,637.0,2.0,637.0
VA,PORTSMOUTH CITY,140,38134.0,12.0,5988.0
VA,PRINCE EDWARD,138,77419.05,42.0,31806.64
VA,PRINCE WILLIAM,32,56561.350000000006,16.0,46537.0
VA,PULASKI,34,9973.97,27.0,9563.0
VA,RADFORD,28,29088.0,28.0,29088.0
VA,RICHMOND CITY,1,475.0,0.0,0.0
VA,ROANOKE,111,58277.36,31.0,58224.23
VA,ROANOKE CITY,2030,112279.38,28.0,116572.0
VA,ROCKBRIDGE,1,10747.0,1.0,10747.0
VA,ROCKINGHAM,41,100728.93000000001,14.0,43143.0
VA,RUSSELL,4,73453.0,4.0,73453.0
VA,SALEM,2,240.0,2.0,240.0
VA,SCOTT,31,6499.0,31.0,6499.0
VA,SHENANDOAH,245,218722.78,53.0,214768.0
VA,SMYTH,12,132975.82,4.0,122520.0
VA,SOUTHAMPTON,20,9980.0,20.0,9980.0
VA,SPOTSYLVANIA,11,3323.0,11.0,3323.0
VA,STAFFORD,100,12000.0,100.0,12000.0
VA,SURRY,15,1800.0,15.0,1800.0
VA,TAZEWELL,1424,1205016.07,100.0,823653.4199999999
VA,VIRGINIA BEACH,49,116470.45999999999,20.0,2760.0
VA,WARREN,26,11169.0,26.0,11169.0
VA,WASHINGTON,517,423638.14999999997,23.0,122865.0
VA,WAYNESBORO CITY,17,73054.0,17.0,73054.0
VA,WESTMORELAND,9,69024.0,9.0,69024.0
VA,WILLIAMSBURG CITY,4,1996.0,4.0,1996.0
VA,WINCHESTER CITY,11,3684.0,11.0,3684.0
VA,WISE,268,333979.2,19.0,224677.0
VA,WYTHE,14,3076.0,14.0,3076.0
VA,YORK,5,540.0,5.0,540.0
VI,ST CROIX,13,228504.0,10.0,192980.0
VT,ADDISON,7,1688.0,7.0,1688.0
VT,BENNINGTON,22,296296.64,9.0,171530.0
VT,CALEDONIA,7,1688.0,7.0,1688.0
VT,CHITTENDEN,24,161970.0,22.0,102348.0
VT,ESSEX,2,276.0,2.0,276.0
VT,FRANKLIN,63,269569.63,3.0,324.0
VT,LAMOILLE,6,73541.0,6.0,73541.0
VT,ORANGE,4,552.0,4.0,552.0
VT,ORLEANS,3,334.71,2.0,276.0
VT,RUTLAND,14,4820.0,14.0,4820.0
VT,WASHINGTON,88,691191.55,83.0,690898.0
VT,WINDHAM,17,86842.57,12.0,52034.0
VT,WINDSOR,30,20860.0,3.0,775.0
WA,ADAMS,12,5988.0,12.0,5988.0
WA,ASOTIN,3053,114741.95,23.0,1936.69
WA,BENTON,7742,114944.68,29.0,70054.0
WA,CHELAN,114,756450.69,39.0,740089.0
WA,CLALLAM,1702,570099.54,98.0,302764.37
WA,CLARK,6,57621.0,4.0,552.0
WA,COWLITZ,4,49717.0,3.0,39717.0
WA,DOUGLAS,18,5618.26,12.0,5266.0
WA,FRANKLIN,35,91141.86,30.0,85773.0
WA,GRANT,351,710113.52,70.0,270498.0
WA,GRAYS HARBOR,129,181189.57,37.0,122404.8
WA,ISLAND,31,78957.0,31.0,78957.0
WA,JEFFERSON,9,42769.86,7.0,37994.0
WA,KING,32634,4900440.5200000005,447.0,1984868.88
WA,KITSAP,24,13690.4,11.0,2601.0
WA,KITTITAS,757,367018.69,15.0,205532.0
WA,KLICKITAT,451,81531.59,0.0,0.0
WA,LEWIS,2895,2622824.96,106.0,1680610.1
WA,LINCOLN,4,421059.0,1.0,412000.0
WA,MASON,843,5350091.3,34.0,129444.23999999999
WA,OKANOGAN,101,101213.39,16.0,94168.0
WA,PACIFIC,278,170632.38,66.0,175110.49
WA,PEND OREILLE,15,2153.6800000000003,3.0,1497.0
WA,PIERCE,1392,1178706.9200000002,84.0,1104449.3
WA,SAN JUAN,7,3493.0,7.0,3493.0
WA,SKAGIT,428,125107.52,3.0,65346.0
WA,SKAMANIA,10,163052.72999999998,5.0,47621.0
WA,SNOHOMISH,104,772598.77,59.0,766840.4
WA,SPOKANE,44,784061.64,23.0,217537.0
WA,STEVENS,32,13441.0,32.0,13441.0
WA,THURSTON,2586,576359.43,255.0,253421.06
WA,WAHKIAKUM,63,64261.9,26.0,58186.0
WA,WALLA WALLA,10,65989.86,5.0,49451.0
WA,WHATCOM,10891,1975411.26,186.0,1576089.38
WA,WHITMAN,21,47048.12,1.0,138.0
WA,YAKIMA,2146,685773.28,96.0,506140.38
WI,ADAMS,9,1242.0,9.0,1242.0
WI,ASHLAND,516,134020.87,21.0,73537.84
WI,BARRON,12,5988.0,12.0,5988.0
WI,BAYFIELD,61,5585.17,12.0,4544.0
WI,BROWN,541,123362.51,69.0,20995.64
WI,BUFFALO,36,297.69,2.0,276.0
WI,BURNETT,16,5457.0,16.0,5457.0
WI,CALUMET,6,2994.0,6.0,2994.0
WI,CHIPPEWA,22,9033.0,22.0,9033.0
WI,CLARK,30,7044.78,12.0,5988.0
WI,COLUMBIA,47,18744.260000000002,45.0,18484.0
WI,CRAWFORD,63,6036.83,12.0,5988.0
WI,DANE,11710,1085366.41,453.0,838456.0
WI,DODGE,236,37692.6,22.0,9859.0
WI,DOOR,493,186782.71,20.0,17210.81
WI,DOUGLAS,22,4287.58,6.0,2994.0
WI,DUNN,6,1189.0,6.0,1189.0
WI,EAU CLAIRE,116,84335.26999999999,69.0,49872.0
WI,FLORENCE,2,276.0,2.0,276.0
WI,FOND DU LAC,59,16771.0,59.0,16771.0
WI,FOREST,12,170447.0,2.0,276.0
WI,GRANT,33,14446.580000000002,13.0,6126.0
WI,GREEN,5,979.0,5.0,979.0
WI,GREEN LAKE,10,2824.0,10.0,2824.0
WI,IOWA,31,17618.43,7.0,1327.0
WI,IRON,4,1274.0,4.0,1274.0
WI,JACKSON,98,7347.95,14.0,5763.0
WI,JEFFERSON,491,10025.69,44.0,9791.0
WI,JUNEAU,998,1613891.83,107.0,782337.35
WI,KENOSHA,87,949202.5,87.0,949202.5
WI,KEWAUNEE,48,175176.0,48.0,175176.0
WI,LA CROSSE,134,33072.36,73.0,31883.0
WI,LAFAYETTE,6,7029.61,4.0,1996.0
WI,LANGLADE,16,6901.0,16.0,6901.0
WI,LINCOLN,11,3684.0,11.0,3684.0
WI,MARINETTE,2,998.0,2.0,998.0
WI,MARQUETTE,31,7041.1,21.0,6454.0
WI,MILWAUKEE,1520,50380.58,68.0,20214.0
WI,MONROE,13,1242.0,9.0,1242.0
WI,OCONTO,495,878170.89,2.0,80059.0
WI,ONEIDA,194,1515883.6099999999,65.0,1463994.0
WI,OUTAGAMIE,2,733499.0,2.0,733499.0
WI,OZAUKEE,302,84582.49,35.0,80316.0
WI,PIERCE,199,289427.3,71.0,208537.8
WI,POLK,9,1206.55,4.0,913.0
WI,PORTAGE,32,68916.0,32.0,68916.0
WI,PRICE,2,637.0,2.0,637.0
WI,RACINE,78,587220.71,45.0,473031.0
WI,ROCK,74,23531.16,71.0,23516.0
WI,RUSK,2,2366.91,0.0,0.0
WI,ST CROIX,29,421045.0,29.0,421045.0
WI,SAUK,98,24478.43,49.0,24072.0
WI,SHEBOYGAN,9,4491.0,9.0,4491.0
WI,TAYLOR,3,1497.0,3.0,1497.0
WI,TREMPEALEAU,290,178021.01,27.0,93435.0
WI,VERNON,226,59790.04,15.0,40361.84
WI,VILAS,225,8130.12,12.0,4869.0
WI,WALWORTH,565,37268.68,61.0,23129.0
WI,WASHBURN,41,4743.62,17.0,4693.0
WI,WASHINGTON,39,19782.65,38.0,18962.0
WI,WAUKESHA,141,50673.57,124.0,49675.5
WI,WAUSHARA,8,3111.42,6.0,2994.0
WI,WINNEBAGO,58,28942.0,58.0,28942.0
WI,WOOD,275,93147.84,48.0,90267.3
WV,BARBOUR,3,414.0,3.0,414.0
WV,BERKELEY,28,374028.0,22.0,319018.0
WV,BROOKE,13,192290.0,0.0,0.0
WV,CABELL,151,157976.57,27.0,106198.0
WV,CALHOUN,1,499.0,1.0,499.0
WV,FAYETTE,1208,539660.75,11.0,201931.0
WV,GILMER,1,138.0,1.0,138.0
WV,GRANT,596,627014.48,1.0,79188.0
WV,HAMPSHIRE,2,998.0,2.0,998.0
WV,HARDY,2,637.0,2.0,637.0
WV,HARRISON,171,6472.98,20.0,5287.0
WV,JACKSON,8,3992.0,8.0,3992.0
WV,JEFFERSON,512,73963.36,15.0,51029.0
WV,KANAWHA,10643,2686127.02,226.0,805655.0
WV,LEWIS,27,3736.55,3.0,3055.0
WV,LINCOLN,2,998.0,2.0,998.0
WV,LOGAN,8,1285.0,8.0,1285.0
WV,MARION,898,20393.34,8.0,2548.0
WV,MARSHALL,14,3948.0,14.0,3948.0
WV,MCDOWELL,1410,1345794.89,16.0,831365.0
WV,MERCER,642,81275.3,29.0,60509.28
WV,MINERAL,170,217056.03,12.0,54990.0
WV,MONONGALIA,37,12326.0,37.0,12326.0
WV,MONROE,2,998.0,2.0,998.0
WV,MORGAN,6,4800.0,6.0,4800.0
WV,OHIO,58,39134.25,29.0,38972.0
WV,PLEASANTS,8,3270.0,8.0,3270.0
WV,POCAHONTAS,1,244120.0,0.0,0.0
WV,PRESTON,14,4730.0,14.0,4730.0
WV,RALEIGH,15,4958.0,15.0,4958.0
WV,RANDOLPH,55,10206.0,53.0,7876.0
WV,RITCHIE,3,1106.0,3.0,1106.0
WV,ROANE,7,966.0,7.0,966.0
WV,TAYLOR,3,6163.28,0.0,0.0
WV,TYLER,9,71770.0,7.0,50261.0
WV,UPSHUR,7,2410.0,7.0,2410.0
WV,WAYNE,4,56275.0,4.0,56275.0
WV,WETZEL,8,3270.0,8.0,3270.0
WV,WIRT,2,95978.0,2.0,95978.0
WV,WOOD,9780,1820587.01,46.0,288467.47
WY,ALBANY,28,70601.0,28.0,70601.0
WY,BIG HORN,162,1562749.1099999999,20.0,824560.0
WY,CAMPBELL,65,364740.31,21.0,362260.0
WY,CARBON,38,13334.97,31.0,12924.0
WY,CONVERSE,30,106905.0,26.0,102001.0
WY,CROOK,7,1291.0,7.0,1291.0
WY,FREMONT,511,156168.47999999998,32.0,141920.0
WY,GOSHEN,15,2412.0,15.0,2412.0
WY,HOT SPRINGS,6,828.0,6.0,828.0
WY,JOHNSON,16,4374.0,16.0,4374.0
WY,LARAMIE,410,1012705.36,248.0,844982.0
WY,LINCOLN,1121,811111.44,68.0,128911.69
WY,NATRONA,202,8778.48,50.0,6360.0
WY,NIOBRARA,36,4252.07,19.0,3254.0
WY,PARK,8,1826.0,8.0,1826.0
WY,SHERIDAN,6,2994.0,6.0,2994.0
WY,SWEETWATER,140,118022.59999999999,61.0,68473.0
WY,UINTA,50,22582.52,36.0,10022.0
WY,WASHAKIE,48,256896.05,17.0,130076.0
WY,WESTON,7,966.0,7.0,966.0
